DATE,AAAFF
2013-08-01,4.43
2013-08-02,4.33
2013-08-05,4.38
2013-08-06,4.38
2013-08-07,4.33
2013-08-08,4.32
2013-08-09,4.33
2013-08-12,4.37
2013-08-13,4.46
2013-08-14,4.44
2013-08-15,4.52
2013-08-16,4.57
2013-08-19,4.62
2013-08-20,4.57
2013-08-21,4.61
2013-08-22,4.60
2013-08-23,4.52
2013-08-26,4.52
2013-08-27,4.44
2013-08-28,4.51
2013-08-29,4.44
2013-08-30,4.42
2013-09-02,.
2013-09-03,4.52
2013-09-04,4.55
2013-09-05,4.64
2013-09-06,4.64
2013-09-09,4.60
2013-09-10,4.65
2013-09-11,4.63
2013-09-12,4.61
2013-09-13,4.61
2013-09-16,4.64
2013-09-17,4.63
2013-09-18,4.55
2013-09-19,4.57
2013-09-20,4.54
2013-09-23,4.51
2013-09-24,4.44
2013-09-25,4.42
2013-09-26,4.47
2013-09-27,4.46
2013-09-30,4.50
2013-10-01,4.51
2013-10-02,4.51
2013-10-03,4.49
2013-10-04,4.52
2013-10-07,4.49
2013-10-08,4.48
2013-10-09,4.50
2013-10-10,4.50
2013-10-11,4.48
2013-10-14,.
2013-10-15,4.52
2013-10-16,4.46
2013-10-17,4.40
2013-10-18,4.40
2013-10-21,4.44
2013-10-22,4.37
2013-10-23,4.35
2013-10-24,4.38
2013-10-25,4.36
2013-10-28,4.37
2013-10-29,4.39
2013-10-30,4.40
2013-10-31,4.41
2013-11-01,4.46
2013-11-04,4.46
2013-11-05,4.52
2013-11-06,4.53
2013-11-07,4.49
2013-11-08,4.61
2013-11-11,.
2013-11-12,4.62
2013-11-13,4.59
2013-11-14,4.56
2013-11-15,4.56
2013-11-18,4.49
2013-11-19,4.53
2013-11-20,4.63
2013-11-21,4.61
2013-11-22,4.56
2013-11-25,4.56
2013-11-26,4.50
2013-11-27,4.53
2013-11-28,.
2013-11-29,4.55
2013-12-02,4.58
2013-12-03,4.56
2013-12-04,4.62
2013-12-05,4.63
2013-12-06,4.63
2013-12-09,4.61
2013-12-10,4.55
2013-12-11,4.58
2013-12-12,4.57
2013-12-13,4.55
2013-12-16,4.56
2013-12-17,4.54
2013-12-18,4.54
2013-12-19,4.48
2013-12-20,4.40
2013-12-23,4.42
2013-12-24,4.49
2013-12-25,.
2013-12-26,4.51
2013-12-27,4.49
2013-12-30,4.45
2013-12-31,4.50
2014-01-01,.
2014-01-02,4.47
2014-01-03,4.48
2014-01-06,4.45
2014-01-07,4.44
2014-01-08,4.46
2014-01-09,4.49
2014-01-10,4.43
2014-01-13,4.40
2014-01-14,4.43
2014-01-15,4.43
2014-01-16,4.41
2014-01-17,4.40
2014-01-20,.
2014-01-21,4.39
2014-01-22,4.41
2014-01-23,4.36
2014-01-24,4.38
2014-01-27,4.41
2014-01-28,4.41
2014-01-29,4.36
2014-01-30,4.37
2014-01-31,4.36
2014-02-03,4.28
2014-02-04,4.35
2014-02-05,4.41
2014-02-06,4.43
2014-02-07,4.43
2014-02-10,4.41
2014-02-11,4.44
2014-02-12,4.47
2014-02-13,4.43
2014-02-14,4.44
2014-02-17,.
2014-02-18,4.40
2014-02-19,4.43
2014-02-20,4.45
2014-02-21,4.37
2014-02-24,4.38
2014-02-25,4.32
2014-02-26,4.30
2014-02-27,4.26
2014-02-28,4.26
2014-03-03,4.22
2014-03-04,4.30
2014-03-05,4.30
2014-03-06,4.34
2014-03-07,4.38
2014-03-10,4.38
2014-03-11,4.38
2014-03-12,4.34
2014-03-13,4.27
2014-03-14,4.29
2014-03-17,4.33
2014-03-18,4.33
2014-03-19,4.37
2014-03-20,4.36
2014-03-21,4.31
2014-03-24,4.26
2014-03-25,4.27
2014-03-26,4.25
2014-03-27,4.21
2014-03-28,4.23
2014-03-31,4.26
2014-04-01,4.22
2014-04-02,4.25
2014-04-03,4.24
2014-04-04,4.20
2014-04-07,4.16
2014-04-08,4.17
2014-04-09,4.18
2014-04-10,4.16
2014-04-11,4.12
2014-04-14,4.13
2014-04-15,4.10
2014-04-16,4.10
2014-04-17,4.16
2014-04-18,.
2014-04-21,4.16
2014-04-22,4.14
2014-04-23,4.11
2014-04-24,4.10
2014-04-25,4.09
2014-04-28,4.11
2014-04-29,4.14
2014-04-30,4.12
2014-05-01,4.07
2014-05-02,4.03
2014-05-05,4.07
2014-05-06,4.04
2014-05-07,4.08
2014-05-08,4.09
2014-05-09,4.13
2014-05-12,4.16
2014-05-13,4.11
2014-05-14,4.04
2014-05-15,3.99
2014-05-16,4.00
2014-05-19,4.06
2014-05-20,4.06
2014-05-21,4.10
2014-05-22,4.14
2014-05-23,4.10
2014-05-26,.
2014-05-27,4.12
2014-05-28,4.04
2014-05-29,4.06
2014-05-30,4.08
2014-06-02,4.13
2014-06-03,4.18
2014-06-04,4.19
2014-06-05,4.18
2014-06-06,4.19
2014-06-09,4.20
2014-06-10,4.22
2014-06-11,4.22
2014-06-12,4.16
2014-06-13,4.16
2014-06-16,4.14
2014-06-17,4.19
2014-06-18,4.16
2014-06-19,4.20
2014-06-20,4.16
2014-06-23,4.15
2014-06-24,4.12
2014-06-25,4.10
2014-06-26,4.05
2014-06-27,4.07
2014-06-30,4.06
2014-07-01,4.12
2014-07-02,4.17
2014-07-03,4.19
2014-07-04,.
2014-07-07,4.14
2014-07-08,4.09
2014-07-09,4.07
2014-07-10,4.10
2014-07-11,4.08
2014-07-14,4.10
2014-07-15,4.10
2014-07-16,4.08
2014-07-17,4.02
2014-07-18,4.04
2014-07-21,4.00
2014-07-22,4.00
2014-07-23,4.03
2014-07-24,4.08
2014-07-25,4.03
2014-07-28,4.01
2014-07-29,3.97
2014-07-30,4.06
2014-07-31,4.07
2014-08-01,4.09
2014-08-04,4.09
2014-08-05,4.06
2014-08-06,4.07
2014-08-07,4.02
2014-08-08,4.00
2014-08-11,4.01
2014-08-12,4.05
2014-08-13,4.02
2014-08-14,3.97
2014-08-15,3.91
2014-08-18,3.97
2014-08-19,4.02
2014-08-20,4.02
2014-08-21,3.99
2014-08-22,3.94
2014-08-25,3.92
2014-08-26,3.94
2014-08-27,3.90
2014-08-28,3.85
2014-08-29,3.88
2014-09-01,.
2014-09-02,3.91
2014-09-03,3.89
2014-09-04,3.94
2014-09-05,4.01
2014-09-08,3.99
2014-09-09,4.00
2014-09-10,4.04
2014-09-11,4.03
2014-09-12,4.13
2014-09-15,4.12
2014-09-16,4.13
2014-09-17,4.13
2014-09-18,4.13
2014-09-19,4.07
2014-09-22,4.06
2014-09-23,4.01
2014-09-24,4.04
2014-09-25,3.97
2014-09-26,3.97
2014-09-29,3.94
2014-09-30,3.98
2014-10-01,3.86
2014-10-02,3.90
2014-10-03,3.89
2014-10-06,3.89
2014-10-07,3.82
2014-10-08,3.83
2014-10-09,3.84
2014-10-10,3.80
2014-10-13,.
2014-10-14,3.72
2014-10-15,3.69
2014-10-16,3.75
2014-10-17,3.78
2014-10-20,3.80
2014-10-21,3.83
2014-10-22,3.84
2014-10-23,3.87
2014-10-24,3.88
2014-10-27,3.86
2014-10-28,3.87
2014-10-29,3.84
2014-10-30,3.79
2014-10-31,3.83
2014-11-03,3.81
2014-11-04,3.79
2014-11-05,3.81
2014-11-06,3.84
2014-11-07,3.79
2014-11-10,3.83
2014-11-11,.
2014-11-12,3.86
2014-11-13,3.88
2014-11-14,3.85
2014-11-17,3.85
2014-11-18,3.85
2014-11-19,3.88
2014-11-20,3.87
2014-11-21,3.84
2014-11-24,3.84
2014-11-25,3.78
2014-11-26,3.76
2014-11-27,.
2014-11-28,3.75
2014-12-01,3.73
2014-12-02,3.81
2014-12-03,3.80
2014-12-04,3.77
2014-12-05,3.78
2014-12-08,3.70
2014-12-09,3.67
2014-12-10,3.63
2014-12-11,3.62
2014-12-12,3.55
2014-12-15,3.59
2014-12-16,3.58
2014-12-17,3.62
2014-12-18,3.67
2014-12-19,3.64
2014-12-22,3.60
2014-12-23,3.70
2014-12-24,3.68
2014-12-25,.
2014-12-26,3.66
2014-12-29,3.62
2014-12-30,3.60
2014-12-31,3.66
2015-01-01,.
2015-01-02,3.55
2015-01-05,3.47
2015-01-06,3.38
2015-01-07,3.39
2015-01-08,3.45
2015-01-09,3.41
2015-01-12,3.35
2015-01-13,3.37
2015-01-14,3.34
2015-01-15,3.32
2015-01-16,3.33
2015-01-19,.
2015-01-20,3.30
2015-01-21,3.34
2015-01-22,3.39
2015-01-23,3.27
2015-01-26,3.29
2015-01-27,3.31
2015-01-28,3.21
2015-01-29,3.24
2015-01-30,3.23
2015-02-02,3.17
2015-02-03,3.30
2015-02-04,3.32
2015-02-05,3.34
2015-02-06,3.41
2015-02-09,3.40
2015-02-10,3.52
2015-02-11,3.51
2015-02-12,3.52
2015-02-13,3.55
2015-02-16,.
2015-02-17,3.66
2015-02-18,3.61
2015-02-19,3.65
2015-02-20,3.66
2015-02-23,3.59
2015-02-24,3.54
2015-02-25,3.50
2015-02-26,3.53
2015-02-27,3.58
2015-03-02,3.58
2015-03-03,3.61
2015-03-04,3.62
2015-03-05,3.60
2015-03-06,3.69
2015-03-09,3.66
2015-03-10,3.58
2015-03-11,3.56
2015-03-12,3.56
2015-03-13,3.59
2015-03-16,3.58
2015-03-17,3.55
2015-03-18,3.49
2015-03-19,3.46
2015-03-20,3.43
2015-03-23,3.42
2015-03-24,3.39
2015-03-25,3.40
2015-03-26,3.50
2015-03-27,3.41
2015-03-30,3.43
2015-03-31,3.46
2015-04-01,3.33
2015-04-02,3.37
2015-04-03,3.31
2015-04-06,3.38
2015-04-07,3.35
2015-04-08,3.33
2015-04-09,3.41
2015-04-10,3.41
2015-04-13,3.39
2015-04-14,3.34
2015-04-15,3.35
2015-04-16,3.34
2015-04-17,3.30
2015-04-20,3.37
2015-04-21,3.38
2015-04-22,3.45
2015-04-23,3.43
2015-04-24,3.42
2015-04-27,3.41
2015-04-28,3.47
2015-04-29,3.56
2015-04-30,3.66
2015-05-01,3.69
2015-05-04,3.73
2015-05-05,3.77
2015-05-06,3.85
2015-05-07,3.79
2015-05-08,3.78
2015-05-11,3.90
2015-05-12,3.88
2015-05-13,3.92
2015-05-14,3.91
2015-05-15,3.82
2015-05-18,3.92
2015-05-19,3.95
2015-05-20,3.97
2015-05-21,3.94
2015-05-22,3.94
2015-05-25,.
2015-05-26,3.86
2015-05-27,3.82
2015-05-28,3.83
2015-05-29,3.86
2015-06-01,3.93
2015-06-02,3.99
2015-06-03,4.06
2015-06-04,3.99
2015-06-05,4.06
2015-06-08,4.06
2015-06-09,4.10
2015-06-10,4.13
2015-06-11,4.04
2015-06-12,4.03
2015-06-15,4.06
2015-06-16,4.01
2015-06-17,4.01
2015-06-18,4.08
2015-06-19,4.01
2015-06-22,4.11
2015-06-23,4.15
2015-06-24,4.09
2015-06-25,4.10
2015-06-26,4.20
2015-06-29,4.05
2015-06-30,4.11
2015-07-01,4.13
2015-07-02,4.13
2015-07-03,.
2015-07-06,4.01
2015-07-07,3.96
2015-07-08,3.94
2015-07-09,4.05
2015-07-10,4.16
2015-07-13,4.14
2015-07-14,4.13
2015-07-15,4.07
2015-07-16,4.05
2015-07-17,4.03
2015-07-20,4.04
2015-07-21,4.05
2015-07-22,4.00
2015-07-23,3.95
2015-07-24,3.94
2015-07-27,3.90
2015-07-28,3.92
2015-07-29,3.95
2015-07-30,3.91
2015-07-31,3.99
2015-08-03,3.85
2015-08-04,3.88
2015-08-05,3.94
2015-08-06,3.92
2015-08-07,3.82
2015-08-10,3.92
2015-08-11,3.81
2015-08-12,3.85
2015-08-13,3.89
2015-08-14,3.89
2015-08-17,3.84
2015-08-18,3.89
2015-08-19,3.85
2015-08-20,3.82
2015-08-21,3.80
2015-08-24,3.79
2015-08-25,3.93
2015-08-26,4.03
2015-08-27,4.00
2015-08-28,3.98
2015-08-31,4.07
2015-09-01,4.01
2015-09-02,4.02
2015-09-03,3.99
2015-09-04,3.89
2015-09-07,.
2015-09-08,3.97
2015-09-09,3.95
2015-09-10,3.99
2015-09-11,3.90
2015-09-14,3.90
2015-09-15,4.04
2015-09-16,4.04
2015-09-17,3.95
2015-09-18,3.85
2015-09-21,3.97
2015-09-22,3.87
2015-09-23,3.86
2015-09-24,3.85
2015-09-25,3.92
2015-09-28,3.86
2015-09-29,3.84
2015-09-30,3.93
2015-10-01,3.85
2015-10-02,3.82
2015-10-05,3.91
2015-10-06,3.87
2015-10-07,3.85
2015-10-08,3.91
2015-10-09,3.86
2015-10-12,.
2015-10-13,3.80
2015-10-14,3.77
2015-10-15,3.80
2015-10-16,3.79
2015-10-19,3.81
2015-10-20,3.82
2015-10-21,3.77
2015-10-22,3.77
2015-10-23,3.81
2015-10-26,3.78
2015-10-27,3.77
2015-10-28,3.79
2015-10-29,3.92
2015-10-30,3.91
2015-11-02,3.89
2015-11-03,3.94
2015-11-04,3.93
2015-11-05,3.93
2015-11-06,3.98
2015-11-09,4.00
2015-11-10,3.99
2015-11-11,.
2015-11-12,3.99
2015-11-13,3.97
2015-11-16,3.98
2015-11-17,3.95
2015-11-18,3.96
2015-11-19,3.92
2015-11-20,3.92
2015-11-23,3.89
2015-11-24,3.89
2015-11-25,3.88
2015-11-26,.
2015-11-27,3.88
2015-11-30,3.91
2015-12-01,3.79
2015-12-02,3.76
2015-12-03,3.93
2015-12-04,3.86
2015-12-07,3.82
2015-12-08,3.82
2015-12-09,3.82
2015-12-10,3.82
2015-12-11,3.77
2015-12-14,3.86
2015-12-15,3.85
2015-12-16,3.86
2015-12-17,3.57
2015-12-18,3.54
2015-12-21,3.57
2015-12-22,3.61
2015-12-23,3.63
2015-12-24,3.60
2015-12-25,.
2015-12-28,3.57
2015-12-29,3.68
2015-12-30,3.68
2015-12-31,3.84
2016-01-01,.
2016-01-04,3.67
2016-01-05,3.66
2016-01-06,3.58
2016-01-07,3.59
2016-01-08,3.59
2016-01-11,3.63
2016-01-12,3.56
2016-01-13,3.53
2016-01-14,3.60
2016-01-15,3.63
2016-01-18,.
2016-01-19,3.64
2016-01-20,3.68
2016-01-21,3.69
2016-01-22,3.64
2016-01-25,3.66
2016-01-26,3.65
2016-01-27,3.69
2016-01-28,3.69
2016-01-29,3.76
2016-02-01,3.70
2016-02-02,3.63
2016-02-03,3.68
2016-02-04,3.62
2016-02-05,3.60
2016-02-08,3.49
2016-02-09,3.54
2016-02-10,3.54
2016-02-11,3.51
2016-02-12,3.60
2016-02-15,.
2016-02-16,3.63
2016-02-17,3.68
2016-02-18,3.63
2016-02-19,3.58
2016-02-22,3.59
2016-02-23,3.55
2016-02-24,3.53
2016-02-25,3.48
2016-02-26,3.51
2016-02-29,3.55
2016-03-01,3.55
2016-03-02,3.53
2016-03-03,3.52
2016-03-04,3.56
2016-03-07,3.55
2016-03-08,3.49
2016-03-09,3.53
2016-03-10,3.52
2016-03-11,3.50
2016-03-14,3.46
2016-03-15,3.42
2016-03-16,3.44
2016-03-17,3.42
2016-03-18,3.40
2016-03-21,3.46
2016-03-22,3.42
2016-03-23,3.37
2016-03-24,3.40
2016-03-25,.
2016-03-28,3.37
2016-03-29,3.34
2016-03-30,3.39
2016-03-31,3.47
2016-04-01,3.35
2016-04-04,3.34
2016-04-05,3.26
2016-04-06,3.27
2016-04-07,3.21
2016-04-08,3.24
2016-04-11,3.24
2016-04-12,3.28
2016-04-13,3.23
2016-04-14,3.25
2016-04-15,3.22
2016-04-18,3.24
2016-04-19,3.15
2016-04-20,3.20
2016-04-21,3.20
2016-04-22,3.22
2016-04-25,3.25
2016-04-26,3.28
2016-04-27,3.22
2016-04-28,3.26
2016-04-29,3.33
2016-05-02,3.31
2016-05-03,3.28
2016-05-04,3.29
2016-05-05,3.26
2016-05-06,3.30
2016-05-09,3.29
2016-05-10,3.28
2016-05-11,3.24
2016-05-12,3.27
2016-05-13,3.20
2016-05-16,3.25
2016-05-17,3.24
2016-05-18,3.34
2016-05-19,3.29
2016-05-20,3.30
2016-05-23,3.31
2016-05-24,3.31
2016-05-25,3.32
2016-05-26,3.26
2016-05-27,3.28
2016-05-30,.
2016-05-31,3.34
2016-06-01,3.26
2016-06-02,3.22
2016-06-03,3.14
2016-06-06,3.17
2016-06-07,3.16
2016-06-08,3.15
2016-06-09,3.12
2016-06-10,3.11
2016-06-13,3.10
2016-06-14,3.08
2016-06-15,3.06
2016-06-16,3.05
2016-06-17,3.09
2016-06-20,3.12
2016-06-21,3.19
2016-06-22,3.18
2016-06-23,3.23
2016-06-24,3.15
2016-06-27,3.01
2016-06-28,3.01
2016-06-29,2.96
2016-06-30,3.09
2016-07-01,2.93
2016-07-04,.
2016-07-05,2.82
2016-07-06,2.83
2016-07-07,2.82
2016-07-08,2.78
2016-07-11,2.82
2016-07-12,2.90
2016-07-13,2.84
2016-07-14,2.88
2016-07-15,2.93
2016-07-18,2.94
2016-07-19,2.91
2016-07-20,2.94
2016-07-21,2.95
2016-07-22,2.94
2016-07-25,2.90
2016-07-26,2.91
2016-07-27,2.89
2016-07-28,2.90
2016-07-29,2.95
2016-08-01,2.92
2016-08-02,2.97
2016-08-03,3.06
2016-08-04,3.02
2016-08-05,3.02
2016-08-08,3.01
2016-08-09,2.97
2016-08-10,2.90
2016-08-11,2.93
2016-08-12,2.88
2016-08-15,2.93
2016-08-16,2.94
2016-08-17,2.91
2016-08-18,2.88
2016-08-19,2.90
2016-08-22,2.85
2016-08-23,2.85
2016-08-24,2.85
2016-08-25,2.87
2016-08-26,2.90
2016-08-29,2.82
2016-08-30,2.84
2016-08-31,2.94
2016-09-01,2.84
2016-09-02,2.88
2016-09-05,.
2016-09-06,2.85
2016-09-07,2.88
2016-09-08,2.96
2016-09-09,3.03
2016-09-12,3.03
2016-09-13,3.11
2016-09-14,3.10
2016-09-15,3.12
2016-09-16,3.11
2016-09-19,3.10
2016-09-20,3.10
2016-09-21,3.07
2016-09-22,3.04
2016-09-23,3.04
2016-09-26,3.03
2016-09-27,2.99
2016-09-28,2.99
2016-09-29,2.97
2016-09-30,3.15
2016-10-03,3.03
2016-10-04,3.09
2016-10-05,3.11
2016-10-06,3.13
2016-10-07,3.10
2016-10-10,.
2016-10-11,3.11
2016-10-12,3.10
2016-10-13,3.07
2016-10-14,3.15
2016-10-17,3.11
2016-10-18,3.07
2016-10-19,3.06
2016-10-20,3.05
2016-10-21,3.04
2016-10-24,3.07
2016-10-25,3.06
2016-10-26,3.11
2016-10-27,3.18
2016-10-28,3.23
2016-10-31,3.30
2016-11-01,3.19
2016-11-02,3.20
2016-11-03,3.24
2016-11-04,3.21
2016-11-07,3.26
2016-11-08,3.29
2016-11-09,3.44
2016-11-10,3.46
2016-11-11,.
2016-11-14,3.56
2016-11-15,3.50
2016-11-16,3.45
2016-11-17,3.55
2016-11-18,3.58
2016-11-21,3.59
2016-11-22,3.60
2016-11-23,3.61
2016-11-24,.
2016-11-25,3.61
2016-11-28,3.57
2016-11-29,3.54
2016-11-30,3.70
2016-12-01,3.67
2016-12-02,3.62
2016-12-05,3.61
2016-12-06,3.63
2016-12-07,3.59
2016-12-08,3.64
2016-12-09,3.71
2016-12-12,3.70
2016-12-13,3.68
2016-12-14,3.67
2016-12-15,3.41
2016-12-16,3.45
2016-12-19,3.39
2016-12-20,3.43
2016-12-21,3.39
2016-12-22,3.40
2016-12-23,3.38
2016-12-26,.
2016-12-27,3.41
2016-12-28,3.35
2016-12-29,3.35
2016-12-30,3.43
2017-01-02,.
2017-01-03,3.28
2017-01-04,3.27
2017-01-05,3.19
2017-01-06,3.25
2017-01-09,3.22
2017-01-10,3.21
2017-01-11,3.18
2017-01-12,3.20
2017-01-13,3.24
2017-01-16,.
2017-01-17,3.18
2017-01-18,3.25
2017-01-19,3.29
2017-01-20,3.31
2017-01-23,3.25
2017-01-24,3.30
2017-01-25,3.36
2017-01-26,3.34
2017-01-27,3.29
2017-01-30,3.29
2017-01-31,3.43
2017-02-01,3.35
2017-02-02,3.34
2017-02-03,3.38
2017-02-06,3.31
2017-02-07,3.30
2017-02-08,3.25
2017-02-09,3.28
2017-02-10,3.31
2017-02-13,3.32
2017-02-14,3.34
2017-02-15,3.35
2017-02-16,3.32
2017-02-17,3.29
2017-02-20,.
2017-02-21,3.29
2017-02-22,3.28
2017-02-23,3.25
2017-02-24,3.19
2017-02-27,3.21
2017-02-28,3.27
2017-03-01,3.29
2017-03-02,3.29
2017-03-03,3.29
2017-03-06,3.32
2017-03-07,3.34
2017-03-08,3.41
2017-03-09,3.45
2017-03-10,3.45
2017-03-13,3.47
2017-03-14,3.47
2017-03-15,3.41
2017-03-16,3.17
2017-03-17,3.15
2017-03-20,3.12
2017-03-21,3.08
2017-03-22,3.05
2017-03-23,3.06
2017-03-24,3.03
2017-03-27,3.01
2017-03-28,3.04
2017-03-29,3.01
2017-03-30,3.03
2017-03-31,3.12
2017-04-03,3.00
2017-04-04,3.02
2017-04-05,3.03
2017-04-06,3.01
2017-04-07,3.02
2017-04-10,3.00
2017-04-11,2.94
2017-04-12,2.94
2017-04-13,2.92
2017-04-14,.
2017-04-17,2.95
2017-04-18,2.86
2017-04-19,2.89
2017-04-20,2.91
2017-04-21,2.92
2017-04-24,2.94
2017-04-25,2.98
2017-04-26,2.97
2017-04-27,2.96
2017-04-28,3.02
2017-05-01,3.01
2017-05-02,2.97
2017-05-03,2.94
2017-05-04,2.98
2017-05-05,2.99
2017-05-08,3.01
2017-05-09,3.03
2017-05-10,3.03
2017-05-11,3.01
2017-05-12,2.95
2017-05-15,2.96
2017-05-16,2.94
2017-05-17,2.86
2017-05-18,2.87
2017-05-19,2.89
2017-05-22,2.90
2017-05-23,2.93
2017-05-24,2.92
2017-05-25,2.91
2017-05-26,2.90
2017-05-29,.
2017-05-30,2.87
2017-05-31,2.92
2017-06-01,2.85
2017-06-02,2.79
2017-06-05,2.81
2017-06-06,2.78
2017-06-07,2.82
2017-06-08,2.83
2017-06-09,2.83
2017-06-12,2.85
2017-06-13,2.85
2017-06-14,2.75
2017-06-15,2.51
2017-06-16,2.51
2017-06-19,2.51
2017-06-20,2.45
2017-06-21,2.44
2017-06-22,2.44
2017-06-23,2.44
2017-06-26,2.42
2017-06-27,2.46
2017-06-28,2.50
2017-06-29,2.52
2017-06-30,2.65
2017-07-03,2.56
2017-07-04,.
2017-07-05,2.56
2017-07-06,2.59
2017-07-07,2.63
2017-07-10,2.62
2017-07-11,2.58
2017-07-12,2.56
2017-07-13,2.59
2017-07-14,2.55
2017-07-17,2.53
2017-07-18,2.49
2017-07-19,2.49
2017-07-20,2.47
2017-07-21,2.45
2017-07-24,2.45
2017-07-25,2.53
2017-07-26,2.52
2017-07-27,2.55
2017-07-28,2.52
2017-07-31,2.61
2017-08-01,2.48
2017-08-02,2.47
2017-08-03,2.44
2017-08-04,2.49
2017-08-07,2.49
2017-08-08,2.52
2017-08-09,2.47
2017-08-10,2.46
2017-08-11,2.47
2017-08-14,2.49
2017-08-15,2.52
2017-08-16,2.48
2017-08-17,2.48
2017-08-18,2.48
2017-08-21,2.46
2017-08-22,2.5
2017-08-23,2.46
2017-08-24,2.48
2017-08-25,2.46
2017-08-28,2.46
2017-08-29,2.46
2017-08-30,2.46
2017-08-31,2.52
2017-09-01,2.48
2017-09-04,.
2017-09-05,2.41
2017-09-06,2.45
2017-09-07,2.44
2017-09-08,2.44
2017-09-11,2.49
2017-09-12,2.5
2017-09-13,2.51
2017-09-14,2.49
2017-09-15,2.47
2017-09-18,2.51
2017-09-19,2.51
2017-09-20,2.51
2017-09-21,2.46
2017-09-22,2.46
2017-09-25,2.42
2017-09-26,2.42
2017-09-27,2.48
2017-09-28,2.48
2017-09-29,2.56
2017-10-02,2.45
2017-10-03,2.45
2017-10-04,2.43
2017-10-05,2.45
2017-10-06,2.47
2017-10-09,.
2017-10-10,2.45
2017-10-11,2.44
2017-10-12,2.42
2017-10-13,2.38
2017-10-16,2.4
2017-10-17,2.38
2017-10-18,2.42
2017-10-19,2.39
2017-10-20,2.44
2017-10-23,2.44
2017-10-24,2.47
2017-10-25,2.48
2017-10-26,2.49
2017-10-27,2.47
2017-10-30,2.42
2017-10-31,2.51
2017-11-01,2.4
2017-11-02,2.37
2017-11-03,2.37
2017-11-06,2.35
2017-11-07,2.34
2017-11-08,2.41
2017-11-09,2.44
2017-11-10,.
2017-11-13,2.53
2017-11-14,2.5
2017-11-15,2.44
2017-11-16,2.46
2017-11-17,2.45
2017-11-20,2.44
2017-11-21,2.4
2017-11-22,2.36
2017-11-23,.
2017-11-24,2.37
2017-11-27,2.37
2017-11-28,2.39
2017-11-29,2.44
2017-11-30,2.54
2017-12-01,2.36
2017-12-04,2.36
2017-12-05,2.32
2017-12-06,2.32
2017-12-07,2.37
2017-12-08,2.38
2017-12-11,2.36
2017-12-12,2.35
2017-12-13,2.31
2017-12-14,2.05
2017-12-15,2.02
2017-12-18,2.06
2017-12-19,2.14
2017-12-20,2.18
2017-12-21,2.13
2017-12-22,2.13
2017-12-25,.
2017-12-26,2.11
2017-12-27,2.05
2017-12-28,2.06
2017-12-29,2.12
2018-01-01,.
2018-01-02,2.1
2018-01-03,2.08
2018-01-04,2.05
2018-01-05,2.08
2018-01-08,2.08
2018-01-09,2.15
2018-01-10,2.16
2018-01-11,2.11
2018-01-12,2.08
2018-01-15,.
2018-01-16,2.07
2018-01-17,2.08
2018-01-18,2.12
2018-01-19,2.16
2018-01-22,2.18
2018-01-23,2.15
2018-01-24,2.19
2018-01-25,2.13
2018-01-26,2.16
2018-01-29,2.17
2018-01-30,2.21
2018-01-31,2.25
2018-02-01,2.2
2018-02-02,2.31
2018-02-05,2.28
2018-02-06,2.28
2018-02-07,2.34
2018-02-08,2.37
2018-02-09,2.4
2018-02-12,2.41
2018-02-13,2.42
2018-02-14,2.46
2018-02-15,2.45
2018-02-16,2.45
2018-02-19,.
2018-02-20,2.47
2018-02-21,2.53
2018-02-22,2.48
2018-02-23,2.47
2018-02-26,2.46
2018-02-27,2.48
2018-02-28,2.49
2018-03-01,2.4
2018-03-02,2.48
2018-03-05,2.49
2018-03-06,2.46
2018-03-07,2.48
2018-03-08,2.46
2018-03-09,2.48
2018-03-12,2.45
2018-03-13,2.44
2018-03-14,2.43
2018-03-15,2.43
2018-03-16,2.44
2018-03-19,2.42
2018-03-20,2.43
2018-03-21,2.47
2018-03-22,2.18
2018-03-23,2.2
2018-03-26,2.21
2018-03-27,2.15
2018-03-28,2.14
2018-03-29,2.09
2018-03-30,.
2018-04-02,2.1
2018-04-03,2.12
2018-04-04,2.12
2018-04-05,2.14
2018-04-06,2.09
2018-04-09,2.07
2018-04-10,2.08
2018-04-11,2.06
2018-04-12,2.1
2018-04-13,2.1
2018-04-16,2.1
2018-04-17,2.07
2018-04-18,2.12
2018-04-19,2.2
2018-04-20,2.2
2018-04-23,2.24
2018-04-24,2.24
2018-04-25,2.29
2018-04-26,2.29
2018-04-27,2.24
2018-04-30,2.26
2018-05-01,2.29
2018-05-02,2.29
2018-05-03,2.3
2018-05-04,2.31
2018-05-07,2.31
2018-05-08,2.32
2018-05-09,2.34
2018-05-10,2.29
2018-05-11,2.28
2018-05-14,2.29
2018-05-15,2.37
2018-05-16,2.36
2018-05-17,2.38
2018-05-18,2.34
2018-05-21,2.35
2018-05-22,2.35
2018-05-23,2.32
2018-05-24,2.28
2018-05-25,2.23
2018-05-28,.
2018-05-29,2.15
2018-05-30,2.19
2018-05-31,2.15
2018-06-01,2.22
2018-06-04,2.26
2018-06-05,2.25
2018-06-06,2.3
2018-06-07,2.25
2018-06-08,2.26
2018-06-11,2.26
2018-06-12,2.27
2018-06-13,2.28
2018-06-14,2.02
2018-06-15,2.01
2018-06-18,2.04
2018-06-19,2.02
2018-06-20,2.07
2018-06-21,2.06
2018-06-22,2.07
2018-06-25,2.06
2018-06-26,2.06
2018-06-27,2.02
2018-06-28,2.02
2018-06-29,2.02
2018-07-02,2.02
2018-07-03,1.99
2018-07-04,.
2018-07-05,1.98
2018-07-06,1.97
2018-07-09,1.94
2018-07-10,1.94
2018-07-11,1.91
2018-07-12,1.9
2018-07-13,1.89
2018-07-16,1.91
2018-07-17,1.93
2018-07-18,1.94
2018-07-19,1.92
2018-07-20,1.99
2018-07-23,2.05
2018-07-24,2.0
2018-07-25,1.99
2018-07-26,2.01
2018-07-27,1.99
2018-07-30,2.0
2018-07-31,1.98
2018-08-01,2.03
2018-08-02,2.0
2018-08-03,1.98
2018-08-06,1.96
2018-08-07,1.99
2018-08-08,2.03
2018-08-09,2.01
2018-08-10,1.95
2018-08-13,2.01
2018-08-14,2.01
2018-08-15,1.97
2018-08-16,1.97
2018-08-17,1.95
2018-08-20,1.91
2018-08-21,1.93
2018-08-22,1.92
2018-08-23,1.92
2018-08-24,1.91
2018-08-27,1.94
2018-08-28,1.98
2018-08-29,1.96
2018-08-30,1.98
2018-08-31,2.0
2018-09-03,.
2018-09-04,2.06
2018-09-05,2.05
2018-09-06,2.02
2018-09-07,2.07
2018-09-10,2.03
2018-09-11,2.05
2018-09-12,2.02
2018-09-13,2.0
2018-09-14,2.02
2018-09-17,2.02
2018-09-18,2.1
2018-09-19,2.12
2018-09-20,2.07
2018-09-21,2.07
2018-09-24,2.07
2018-09-25,2.09
2018-09-26,2.06
2018-09-27,1.8
2018-09-28,1.81
2018-10-01,1.84
2018-10-02,1.8
2018-10-03,1.88
2018-10-04,1.93
2018-10-05,1.99
2018-10-08,.
2018-10-09,1.96
2018-10-10,1.98
2018-10-11,1.91
2018-10-12,1.94
2018-10-15,1.96
2018-10-16,1.91
2018-10-17,1.94
2018-10-18,1.97
2018-10-19,1.99
2018-10-22,2.0
2018-10-23,1.99
2018-10-24,1.96
2018-10-25,2.0
2018-10-26,1.98
2018-10-29,1.98
2018-10-30,2.03
2018-10-31,2.07
2018-11-01,2.08
2018-11-02,2.08
2018-11-05,2.05
2018-11-06,2.04
2018-11-07,2.03
2018-11-08,2.0
2018-11-09,1.97
2018-11-12,.
2018-11-13,2.01
2018-11-14,2.01
2018-11-15,2.05
2018-11-16,2.01
2018-11-19,2.01
2018-11-20,2.02
2018-11-21,1.99
2018-11-22,.
2018-11-23,1.98
2018-11-26,1.98
2018-11-27,1.98
2018-11-28,2.03
2018-11-29,2.01
2018-11-30,2.02
2018-12-03,1.98
2018-12-04,1.89
2018-12-05,.
2018-12-06,1.88
2018-12-07,1.87
2018-12-10,1.88
2018-12-11,1.84
2018-12-12,1.82
2018-12-13,1.82
2018-12-14,1.83
2018-12-17,1.79
2018-12-18,1.75
2018-12-19,1.69
2018-12-20,1.55
2018-12-21,1.57
2018-12-24,1.56
2018-12-25,.
2018-12-26,1.61
2018-12-27,1.61
2018-12-28,1.62
2018-12-31,1.59
2019-01-01,.
2019-01-02,1.55
2019-01-03,1.51
2019-01-04,1.58
2019-01-07,1.56
2019-01-08,1.57
2019-01-09,1.56
2019-01-10,1.58
2019-01-11,1.56
2019-01-14,1.6
2019-01-15,1.59
2019-01-16,1.6
2019-01-17,1.6
2019-01-18,1.56
2019-01-21,.
2019-01-22,1.52
2019-01-23,1.49
2019-01-24,1.46
2019-01-25,1.46
2019-01-28,1.47
2019-01-29,1.45
2019-01-30,1.45
2019-01-31,1.39
2019-02-01,1.41
2019-02-04,1.43
2019-02-05,1.39
2019-02-06,1.38
2019-02-07,1.35
2019-02-08,1.37
2019-02-11,1.36
2019-02-12,1.4
2019-02-13,1.38
2019-02-14,1.37
2019-02-15,1.36
2019-02-18,.
2019-02-19,1.34
2019-02-20,1.36
2019-02-21,1.41
2019-02-22,1.41
2019-02-25,1.4
2019-02-26,1.38
2019-02-27,1.45
2019-02-28,1.46
2019-03-01,1.5
2019-03-04,1.47
2019-03-05,1.47
2019-03-06,1.46
2019-03-07,1.42
2019-03-08,1.42
2019-03-11,1.45
2019-03-12,1.4
2019-03-13,1.4
2019-03-14,1.44
2019-03-15,1.42
2019-03-18,1.42
2019-03-19,1.42
2019-03-20,1.37
2019-03-21,1.34
2019-03-22,1.26
2019-03-25,1.27
2019-03-26,1.24
2019-03-27,1.21
2019-03-28,1.2
2019-03-29,1.19
2019-04-01,1.27
2019-04-02,1.25
2019-04-03,1.28
2019-04-04,1.29
2019-04-05,1.26
2019-04-08,1.28
2019-04-09,1.26
2019-04-10,1.24
2019-04-11,1.27
2019-04-12,1.3
2019-04-15,1.27
2019-04-16,1.32
2019-04-17,1.3
2019-04-18,1.26
2019-04-19,.
2019-04-22,1.31
2019-04-23,1.29
2019-04-24,1.25
2019-04-25,1.25
2019-04-26,1.25
2019-04-29,1.26
2019-04-30,1.26
2019-05-01,1.23
2019-05-02,1.35
2019-05-03,1.33
2019-05-06,1.32
2019-05-07,1.3
2019-05-08,1.31
2019-05-09,1.35
2019-05-10,1.34
2019-05-13,1.33
2019-05-14,1.33
2019-05-15,1.29
2019-05-16,1.29
2019-05-17,1.29
2019-05-20,1.31
2019-05-21,1.31
2019-05-22,1.3
2019-05-23,1.26
2019-05-24,1.26
2019-05-27,.
2019-05-28,1.22
2019-05-29,1.2
2019-05-30,1.16
2019-05-31,1.11
2019-06-03,1.12
2019-06-04,1.14
2019-06-05,1.16
2019-06-06,1.16
2019-06-07,1.11
2019-06-10,1.12
2019-06-11,1.12
2019-06-12,1.14
2019-06-13,1.11
2019-06-14,1.13
2019-06-17,1.07
2019-06-18,1.03
2019-06-19,1.02
2019-06-20,0.96
2019-06-21,0.98
2019-06-24,0.92
2019-06-25,0.94
2019-06-26,0.94
2019-06-27,0.89
2019-06-28,0.85
2019-07-01,0.88
2019-07-02,0.83
2019-07-03,0.77
2019-07-04,.
2019-07-05,0.84
2019-07-08,0.83
2019-07-09,0.85
2019-07-10,0.89
2019-07-11,0.97
2019-07-12,0.96
2019-07-15,0.95
2019-07-16,0.96
2019-07-17,0.89
2019-07-18,0.9
2019-07-19,0.9
2019-07-22,0.9
2019-07-23,0.91
2019-07-24,0.89
2019-07-25,0.91
2019-07-26,0.91
2019-07-29,0.89
2019-07-30,0.9
2019-07-31,0.86
2019-08-01,1.05
2019-08-02,1.03
2019-08-05,1.02
2019-08-06,1.02
2019-08-07,0.97
2019-08-08,0.97
2019-08-09,0.97
2019-08-12,0.89
2019-08-13,0.89
2019-08-14,0.83
2019-08-15,0.77
2019-08-16,0.78
2019-08-19,0.82
2019-08-20,0.76
2019-08-21,0.77
2019-08-22,0.81
2019-08-23,0.76
2019-08-26,0.78
2019-08-27,0.71
2019-08-28,0.69
2019-08-29,0.74
2019-08-30,0.72
2019-09-02,.
2019-09-03,0.73
2019-09-04,0.73
2019-09-05,0.81
2019-09-06,0.79
2019-09-09,0.86
2019-09-10,0.94
2019-09-11,0.96
2019-09-12,1.01
2019-09-13,1.11
2019-09-16,0.93
2019-09-17,0.84
2019-09-18,0.85
2019-09-19,1.17
2019-09-20,1.13
2019-09-23,1.12
2019-09-24,1.04
2019-09-25,1.15
2019-09-26,1.14
2019-09-27,1.17
2019-09-30,1.11
2019-10-01,1.09
2019-10-02,1.14
2019-10-03,1.11
2019-10-04,1.06
2019-10-07,1.1
2019-10-08,1.13
2019-10-09,1.13
2019-10-10,1.2
2019-10-11,1.24
2019-10-14,.
2019-10-15,1.16
2019-10-16,1.15
2019-10-17,1.19
2019-10-18,1.18
2019-10-21,1.19
2019-10-22,1.17
2019-10-23,1.16
2019-10-24,1.15
2019-10-25,1.21
2019-10-28,1.25
2019-10-29,1.25
2019-10-30,1.25
2019-10-31,1.41
2019-11-01,1.45
2019-11-04,1.51
2019-11-05,1.55
2019-11-06,1.51
2019-11-07,1.6
2019-11-08,1.62
2019-11-11,.
2019-11-12,1.59
2019-11-13,1.59
2019-11-14,1.53
2019-11-15,1.55
2019-11-18,1.53
2019-11-19,1.49
2019-11-20,1.48
2019-11-21,1.49
2019-11-22,1.48
2019-11-25,1.44
2019-11-26,1.4
2019-11-27,1.39
2019-11-28,.
2019-11-29,1.39
2019-12-02,1.47
2019-12-03,1.41
2019-12-04,1.47
2019-12-05,1.46
2019-12-06,1.48
2019-12-09,1.45
2019-12-10,1.45
2019-12-11,1.42
2019-12-12,1.5
2019-12-13,1.42
2019-12-16,1.46
2019-12-17,1.44
2019-12-18,1.48
2019-12-19,1.46
2019-12-20,1.46
2019-12-23,1.47
2019-12-24,1.44
2019-12-25,.
2019-12-26,1.45
2019-12-27,1.43
2019-12-30,1.47
2019-12-31,1.49
2020-01-01,.
2020-01-02,1.45
2020-01-03,1.39
2020-01-06,1.46
2020-01-07,1.47
2020-01-08,1.55
2020-01-09,1.49
2020-01-10,1.45
2020-01-13,1.46
2020-01-14,1.46
2020-01-15,1.43
2020-01-16,1.45
2020-01-17,1.46
2020-01-20,.
2020-01-21,1.4
2020-01-22,1.38
2020-01-23,1.33
2020-01-24,1.27
2020-01-27,1.24
2020-01-28,1.32
2020-01-29,1.26
2020-01-30,1.22
2020-01-31,1.23
2020-02-03,1.21
2020-02-04,1.27
2020-02-05,1.31
2020-02-06,1.27
2020-02-07,1.19
2020-02-10,1.19
2020-02-11,1.22
2020-02-12,1.26
2020-02-13,1.25
2020-02-14,1.21
2020-02-17,.
2020-02-18,1.17
2020-02-19,1.2
2020-02-20,1.18
2020-02-21,1.16
2020-02-24,1.14
2020-02-25,1.13
2020-02-26,1.11
2020-02-27,1.12
2020-02-28,1.12
2020-03-02,1.02
2020-03-03,1.01
2020-03-04,1.46
2020-03-05,1.43
2020-03-06,1.27
2020-03-09,1.37
2020-03-10,1.58
2020-03-11,1.58
2020-03-12,1.84
2020-03-13,1.93
2020-03-16,2.63
2020-03-17,3.15
2020-03-18,3.67
2020-03-19,3.66
2020-03-20,3.97
2020-03-23,3.42
2020-03-24,3.32
2020-03-25,3.24
2020-03-26,2.97
2020-03-27,2.85
2020-03-30,2.62
2020-03-31,2.65
2020-04-01,2.7
2020-04-02,2.59
2020-04-03,2.58
2020-04-06,2.58
2020-04-07,2.5
2020-04-08,2.51
2020-04-09,2.41
2020-04-10,.
2020-04-13,2.3
2020-04-14,2.18
2020-04-15,2.32
2020-04-16,2.26
2020-04-17,2.36
2020-04-20,2.31
2020-04-21,2.28
2020-04-22,2.31
2020-04-23,2.21
2020-04-24,2.25
2020-04-27,2.35
2020-04-28,2.31
2020-04-29,2.34
2020-04-30,2.33
2020-05-01,2.37
2020-05-04,2.34
2020-05-05,2.36
2020-05-06,2.56
2020-05-07,2.47
2020-05-08,2.49
2020-05-11,2.64
2020-05-12,2.61
2020-05-13,2.49
2020-05-14,2.46
2020-05-15,2.46
2020-05-18,2.51
2020-05-19,2.45
2020-05-20,2.43
2020-05-21,2.4
2020-05-22,2.36
2020-05-25,.
2020-05-26,2.44
2020-05-27,2.42
2020-05-28,2.41
2020-05-29,2.38
2020-06-01,2.4
2020-06-02,2.39
2020-06-03,2.47
2020-06-04,2.53
2020-06-05,2.47
2020-06-08,2.41
2020-06-09,2.4
2020-06-10,2.39
2020-06-11,2.32
2020-06-12,2.34
2020-06-15,2.42
2020-06-16,2.28
2020-06-17,2.34
2020-06-18,2.28
2020-06-19,2.34
2020-06-22,2.32
2020-06-23,2.35
2020-06-24,2.32
2020-06-25,2.32
2020-06-26,2.27
2020-06-29,2.3
2020-06-30,2.26
2020-07-01,2.32
2020-07-02,2.28
2020-07-03,.
2020-07-06,2.24
2020-07-07,2.18
2020-07-08,2.15
2020-07-09,2.07
2020-07-10,2.1
2020-07-13,2.09
2020-07-14,2.04
2020-07-15,2.05
2020-07-16,2.04
2020-07-17,2.04
2020-07-20,2.0
2020-07-21,1.98
2020-07-22,1.99
2020-07-23,1.96
2020-07-24,1.92
2020-07-27,1.93
2020-07-28,1.92
2020-07-29,1.96
2020-07-30,1.93
2020-07-31,1.93
2020-08-03,1.99
2020-08-04,1.98
2020-08-05,1.93
2020-08-06,1.94
2020-08-07,1.93
2020-08-10,1.96
2020-08-11,2.05
2020-08-12,2.07
2020-08-13,2.19
2020-08-14,2.2
2020-08-17,2.22
2020-08-18,2.21
2020-08-19,2.24
2020-08-20,2.24
2020-08-21,2.21
2020-08-24,2.22
2020-08-25,2.27
2020-08-26,2.31
2020-08-27,2.38
2020-08-28,2.31
2020-08-31,2.33
2020-09-01,2.25
2020-09-02,2.17
2020-09-03,2.13
2020-09-04,2.25
2020-09-07,.
2020-09-08,2.2
2020-09-09,2.3
2020-09-10,2.25
2020-09-11,2.23
2020-09-14,2.23
2020-09-15,2.24
2020-09-16,2.22
2020-09-17,2.21
2020-09-18,2.21
2020-09-21,2.19
2020-09-22,2.18
2020-09-23,2.22
2020-09-24,2.24
2020-09-25,2.22
2020-09-28,2.27
2020-09-29,2.25
2020-09-30,2.23
2020-10-01,2.24
2020-10-02,2.28
2020-10-05,2.36
2020-10-06,2.3
2020-10-07,2.29
2020-10-08,2.24
2020-10-09,2.25
2020-10-12,.
2020-10-13,2.2
2020-10-14,2.18
2020-10-15,2.19
2020-10-16,2.2
2020-10-19,2.2
2020-10-20,2.27
2020-10-21,2.31
2020-10-22,2.34
2020-10-23,2.32
2020-10-26,2.27
2020-10-27,2.26
2020-10-28,2.24
2020-10-29,2.31
2020-10-30,2.3
2020-11-02,2.28
2020-11-03,2.32
2020-11-04,2.2
2020-11-05,2.15
2020-11-06,2.22
2020-11-09,2.3
2020-11-10,2.33
2020-11-11,.
2020-11-12,2.27
2020-11-13,2.26
2020-11-16,2.26
2020-11-17,2.22
2020-11-18,2.17
2020-11-19,2.2
2020-11-20,2.16
2020-11-23,2.16
2020-11-24,2.18
2020-11-25,2.18
2020-11-26,.
2020-11-27,2.12
2020-11-30,2.11
2020-12-01,2.14
2020-12-02,2.16
2020-12-03,2.12
2020-12-04,2.17
2020-12-07,2.17
2020-12-08,2.16
2020-12-09,2.2
2020-12-10,2.2
2020-12-11,2.18
2020-12-14,2.16
2020-12-15,2.22
2020-12-16,2.18
2020-12-17,2.19
2020-12-18,2.23
2020-12-21,2.19
2020-12-22,2.14
2020-12-23,2.19
2020-12-24,2.17
2020-12-25,.
2020-12-28,2.16
2020-12-29,2.16
2020-12-30,2.13
2020-12-31,2.14
2021-01-01,.
2021-01-04,2.19
2021-01-05,2.19
2021-01-06,2.27
2021-01-07,2.37
2021-01-08,2.39
2021-01-11,2.39
2021-01-12,2.41
2021-01-13,2.34
2021-01-14,2.45
2021-01-15,2.37
2021-01-18,.
2021-01-19,2.35
2021-01-20,2.36
2021-01-21,2.45
2021-01-22,2.43
2021-01-25,2.41
2021-01-26,2.39
2021-01-27,2.34
2021-01-28,2.41
2021-01-29,2.44
2021-02-01,2.45
2021-02-02,2.5
2021-02-03,2.56
2021-02-04,2.53
2021-02-05,2.55
2021-02-08,2.54
2021-02-09,2.52
2021-02-10,2.5
2021-02-11,2.52
2021-02-12,2.57
2021-02-15,.
2021-02-16,2.64
2021-02-17,2.58
2021-02-18,2.63
2021-02-19,2.69
2021-02-22,2.74
2021-02-23,2.81
2021-02-24,2.85
2021-02-25,2.89
2021-02-26,2.79
2021-03-01,2.78
2021-03-02,2.81
2021-03-03,2.87
2021-03-04,2.93
2021-03-05,2.9
2021-03-08,2.93
2021-03-09,2.91
2021-03-10,2.92
2021-03-11,2.95
2021-03-12,3.06
2021-03-15,3.03
2021-03-16,3.05
2021-03-17,3.1
2021-03-18,3.12
2021-03-19,3.06
2021-03-22,3.0
2021-03-23,2.96
2021-03-24,2.93
2021-03-25,2.95
2021-03-26,2.99
2021-03-29,3.01
2021-03-30,2.97
2021-03-31,2.98
2021-04-01,2.84
2021-04-02,.
2021-04-05,2.87
2021-04-06,2.85
2021-04-07,2.89
2021-04-08,2.86
2021-04-09,2.85
2021-04-12,2.86
2021-04-13,2.82
2021-04-14,2.83
2021-04-15,2.71
2021-04-16,2.78
2021-04-19,2.83
2021-04-20,2.8
2021-04-21,2.8
2021-04-22,2.79
2021-04-23,2.81
2021-04-26,2.8
2021-04-27,2.84
2021-04-28,2.85
2021-04-29,2.86
2021-04-30,2.89
2021-05-03,2.86
2021-05-04,2.84
2021-05-05,2.83
2021-05-06,2.81
2021-05-07,2.85
2021-05-10,2.89
2021-05-11,2.95
2021-05-12,3.02
2021-05-13,2.99
2021-05-14,2.94
2021-05-17,2.94
2021-05-18,2.95
2021-05-19,2.98
2021-05-20,2.92
2021-05-21,2.91
2021-05-24,2.88
2021-05-25,2.83
2021-05-26,2.82
2021-05-27,2.87
2021-05-28,2.85
2021-05-31,.
2021-06-01,2.87
2021-06-02,2.88
2021-06-03,2.9
2021-06-04,2.82
2021-06-07,2.85
2021-06-08,2.8
2021-06-09,2.75
2021-06-10,2.75
2021-06-11,2.74
2021-06-14,2.77
2021-06-15,2.77
2021-06-16,2.74
2021-06-17,2.61
2021-06-18,2.54
2021-06-21,2.61
2021-06-22,2.62
2021-06-23,2.62
2021-06-24,2.61
2021-06-25,2.67
2021-06-28,2.57
2021-06-29,2.57
2021-06-30,2.55
2021-07-01,2.54
2021-07-02,2.52
2021-07-05,.
2021-07-06,2.5
2021-07-07,2.47
2021-07-08,2.44
2021-07-09,2.52
2021-07-12,2.54
2021-07-13,2.57
2021-07-14,2.52
2021-07-15,2.45
2021-07-16,2.46
2021-07-19,2.39
2021-07-20,2.42
2021-07-21,2.47
2021-07-22,2.44
2021-07-23,2.47
2021-07-26,2.46
2021-07-27,2.43
2021-07-28,2.42
2021-07-29,2.41
2021-07-30,2.44
2021-08-02,2.38
2021-08-03,2.39
2021-08-04,2.39
2021-08-05,2.4
2021-08-06,2.48
2021-08-09,2.5
2021-08-10,2.52
2021-08-11,2.56
2021-08-12,2.56
2021-08-13,2.48
2021-08-16,2.44
2021-08-17,2.44
2021-08-18,2.44
2021-08-19,2.43
2021-08-20,2.42
2021-08-23,2.4
2021-08-24,2.44
2021-08-25,2.49
2021-08-26,2.48
2021-08-27,2.46
2021-08-30,2.43
2021-08-31,2.48
2021-09-01,2.46
2021-09-02,2.43
2021-09-03,2.46
2021-09-06,.
2021-09-07,2.51
2021-09-08,2.47
2021-09-09,2.43
2021-09-10,2.43
2021-09-13,2.4
2021-09-14,2.34
2021-09-15,2.36
2021-09-16,2.37
2021-09-17,2.4
2021-09-20,2.34
2021-09-21,2.37
2021-09-22,2.37
2021-09-23,2.44
2021-09-24,2.51
2021-09-27,2.51
2021-09-28,2.6
2021-09-29,2.61
2021-09-30,2.64
2021-10-01,2.57
2021-10-04,2.57
2021-10-05,2.63
2021-10-06,2.61
2021-10-07,2.67
2021-10-08,2.69
2021-10-11,.
2021-10-12,2.67
2021-10-13,2.58
2021-10-14,2.54
2021-10-15,2.58
2021-10-18,2.55
2021-10-19,2.62
2021-10-20,2.65
2021-10-21,2.68
2021-10-22,2.64
2021-10-25,2.64
2021-10-26,2.62
2021-10-27,2.51
2021-10-28,2.53
2021-10-29,2.52
2021-11-01,2.53
2021-11-02,2.55
2021-11-03,2.56
2021-11-04,2.5
2021-11-05,2.42
2021-11-08,2.42
2021-11-09,2.38
2021-11-10,2.49
2021-11-11,.
2021-11-12,2.53
2021-11-15,2.58
2021-11-16,2.63
2021-11-17,2.58
2021-11-18,2.61
2021-11-19,2.55
2021-11-22,2.62
2021-11-23,2.68
2021-11-24,2.64
2021-11-25,.
2021-11-26,2.53
2021-11-29,2.59
2021-11-30,2.5
2021-12-01,2.51
2021-12-02,2.51
2021-12-03,2.41
2021-12-06,2.46
2021-12-07,2.48
2021-12-08,2.55
2021-12-09,2.57
2021-12-10,2.59
2021-12-13,2.52
2021-12-14,2.52
2021-12-15,2.59
2021-12-16,2.59
2021-12-17,2.55
2021-12-20,2.58
2021-12-21,2.62
2021-12-22,2.61
2021-12-23,2.66
2021-12-24,.
2021-12-27,2.65
2021-12-28,2.63
2021-12-29,2.62
2021-12-30,2.63
2021-12-31,.
2022-01-03,2.71
2022-01-04,2.74
2022-01-05,2.76
2022-01-06,2.73
2022-01-07,2.8
2022-01-10,2.84
2022-01-11,2.78
2022-01-12,2.78
2022-01-13,2.75
2022-01-14,2.84
2022-01-17,.
2022-01-18,2.92
2022-01-19,2.87
2022-01-20,2.92
2022-01-21,2.87
2022-01-24,2.94
2022-01-25,2.96
2022-01-26,2.99
2022-01-27,2.93
2022-01-28,2.97
2022-01-31,2.98
2022-02-01,3.0
2022-02-02,2.97
2022-02-03,3.04
2022-02-04,3.14
2022-02-07,3.12
2022-02-08,3.13
2022-02-09,3.09
2022-02-10,3.17
2022-02-11,3.14
2022-02-14,3.18
2022-02-15,3.23
2022-02-16,3.27
2022-02-17,3.26
2022-02-18,3.21
2022-02-21,.
2022-02-22,3.26
2022-02-23,3.28
2022-02-24,3.28
2022-02-25,3.29
2022-02-28,3.18
2022-03-01,3.12
2022-03-02,3.24
2022-03-03,3.23
2022-03-04,3.16
2022-03-07,3.23
2022-03-08,3.33
2022-03-09,3.33
2022-03-10,3.42
2022-03-11,3.39
2022-03-14,3.49
2022-03-15,3.55
2022-03-16,3.48
2022-03-17,3.14
2022-03-18,2.95
2022-03-21,3.13
2022-03-22,3.18
2022-03-23,3.18
2022-03-24,3.16
2022-03-25,3.21
2022-03-28,3.18
2022-03-29,3.14
2022-03-30,3.07
2022-03-31,3.05
2022-04-01,2.99
2022-04-04,3.0
2022-04-05,3.11
2022-04-06,3.18
2022-04-07,3.22
2022-04-08,3.27
2022-04-11,3.4
2022-04-12,3.42
2022-04-13,3.44
2022-04-14,3.55
2022-04-15,.
2022-04-18,3.56
2022-04-19,3.62
2022-04-20,3.54
2022-04-21,3.59
2022-04-22,3.63
2022-04-25,3.59
2022-04-26,3.59
2022-04-27,3.64
2022-04-28,3.66
2022-04-29,3.68
2022-05-02,3.85
2022-05-03,3.78
2022-05-04,3.75
2022-05-05,3.45
2022-05-06,3.45
2022-05-09,3.45
2022-05-10,3.37
2022-05-11,3.29
2022-05-12,3.22
2022-05-13,3.36
2022-05-16,3.35
2022-05-17,3.43
2022-05-18,3.35
2022-05-19,3.35
2022-05-20,3.28
2022-05-23,3.32
2022-05-24,3.23
2022-05-25,3.18
2022-05-26,3.15
2022-05-27,3.12
2022-05-30,.
2022-05-31,3.17
2022-06-01,3.19
2022-06-02,3.19
2022-06-03,3.23
2022-06-06,3.31
2022-06-07,3.23
2022-06-08,3.3
2022-06-09,3.31
2022-06-10,3.37
2022-06-13,3.61
2022-06-14,3.67
2022-06-15,3.56
2022-06-16,2.83
2022-06-17,2.74
2022-06-20,.
2022-06-21,2.82
2022-06-22,2.69
2022-06-23,2.63
2022-06-24,2.67
2022-06-27,2.71
2022-06-28,2.72
2022-06-29,2.63
2022-06-30,2.61
2022-07-01,2.68
2022-07-04,.
2022-07-05,2.54
2022-07-06,2.59
2022-07-07,2.62
2022-07-08,2.65
2022-07-11,2.53
2022-07-12,2.55
2022-07-13,2.48
2022-07-14,2.51
2022-07-15,2.49
2022-07-18,2.49
2022-07-19,2.53
2022-07-20,2.5
2022-07-21,2.39
2022-07-22,2.33
2022-07-25,2.39
2022-07-26,2.38
2022-07-27,2.32
2022-07-28,1.57
2022-07-29,1.53
2022-08-01,1.47
2022-08-02,1.57
2022-08-03,1.58
2022-08-04,1.56
2022-08-05,1.7
2022-08-08,1.64
2022-08-09,1.62
2022-08-10,1.64
2022-08-11,1.74
2022-08-12,1.72
2022-08-15,1.63
2022-08-16,1.69
2022-08-17,1.75
2022-08-18,1.75
2022-08-19,1.85
2022-08-22,1.86
2022-08-23,1.9
2022-08-24,1.94
2022-08-25,1.84
2022-08-26,1.83
2022-08-29,1.9
2022-08-30,1.89
2022-08-31,1.94
2022-09-01,2.08
2022-09-02,2.05
2022-09-05,.
2022-09-06,2.22
2022-09-07,2.1
2022-09-08,2.15
2022-09-09,2.14
2022-09-12,2.13
2022-09-13,2.17
2022-09-14,2.12
2022-09-15,2.15
2022-09-16,2.2
2022-09-19,2.19
2022-09-20,2.26
2022-09-21,2.18
2022-09-22,1.57
2022-09-23,1.58
2022-09-26,1.66
2022-09-27,1.84
2022-09-28,1.73
2022-09-29,1.81
2022-09-30,1.83
2022-10-03,1.76
2022-10-04,1.69
2022-10-05,1.78
2022-10-06,1.79
2022-10-07,1.82
2022-10-10,.
2022-10-11,1.96
2022-10-12,2.03
2022-10-13,2.0
2022-10-14,2.01
2022-10-17,2.02
2022-10-18,2.03
2022-10-19,2.16
2022-10-20,2.23
2022-10-21,2.3
2022-10-24,2.33
2022-10-25,2.22
2022-10-26,2.13
2022-10-27,2.05
2022-10-28,2.05
2022-10-31,2.1
2022-11-01,2.01
2022-11-02,2.0
2022-11-03,1.34
2022-11-04,1.4
2022-11-07,1.46
2022-11-08,1.39
2022-11-09,1.46
2022-11-10,1.19
2022-11-11,.
2022-11-14,1.15
2022-11-15,1.03
2022-11-16,0.92
2022-11-17,0.94
2022-11-18,0.95
2022-11-21,0.92
2022-11-22,0.86
2022-11-23,0.73
2022-11-24,.
2022-11-25,0.72
2022-11-28,0.74
2022-11-29,0.8
2022-11-30,0.83
2022-12-01,0.6
2022-12-02,0.53
2022-12-05,0.58
2022-12-06,0.48
2022-12-07,0.38
2022-12-08,0.37
2022-12-09,0.48
2022-12-12,0.49
2022-12-13,0.43
2022-12-14,0.45
2022-12-15,-0.09
2022-12-16,-0.01
2022-12-19,0.05
2022-12-20,0.2
2022-12-21,0.21
2022-12-22,0.18
2022-12-23,0.27
2022-12-26,.
2022-12-27,0.36
2022-12-28,0.39
2022-12-29,0.35
2022-12-30,0.37
2023-01-02,.
2023-01-03,0.36
2023-01-04,0.26
2023-01-05,0.23
2023-01-06,0.13
2023-01-09,0.09
2023-01-10,0.18
2023-01-11,0.07
2023-01-12,-0.04
2023-01-13,0.01
2023-01-16,.
2023-01-17,0.0
2023-01-18,-0.1
2023-01-19,-0.06
2023-01-20,0.03
2023-01-23,0.06
2023-01-24,0.0
2023-01-25,0.02
2023-01-26,0.01
2023-01-27,0.01
2023-01-30,0.05
2023-01-31,0.08
2023-02-01,-0.04
2023-02-02,-0.3
2023-02-03,-0.23
2023-02-06,-0.17
2023-02-07,-0.12
2023-02-08,-0.12
2023-02-09,-0.07
2023-02-10,0.02
2023-02-13,-0.03
2023-02-14,-0.03
2023-02-15,0.01
2023-02-16,0.06
2023-02-17,0.07
2023-02-20,.
2023-02-21,0.18
2023-02-22,0.13
2023-02-23,0.1
2023-02-24,0.17
2023-02-27,0.16
2023-02-28,0.19
2023-03-01,0.2
2023-03-02,0.26
2023-03-03,0.11
2023-03-06,0.13
2023-03-07,0.13
2023-03-08,0.15
2023-03-09,0.16
2023-03-10,0.01
2023-03-13,0.03
2023-03-14,0.1
2023-03-15,0.02
2023-03-16,0.01
2023-03-17,-0.11
2023-03-20,-0.06
2023-03-21,0.01
2023-03-22,-0.05
2023-03-23,-0.3
2023-03-24,-0.39
2023-03-27,-0.29
2023-03-28,-0.32
2023-03-29,-0.31
2023-03-30,-0.35
2023-03-31,-0.45
2023-04-03,-0.48
2023-04-04,-0.42
2023-04-05,-0.45
2023-04-06,-0.47
2023-04-07,.
2023-04-10,-0.38
2023-04-11,-0.4
2023-04-12,-0.38
2023-04-13,-0.35
2023-04-14,-0.31
2023-04-17,-0.27
2023-04-18,-0.31
2023-04-19,-0.3
2023-04-20,-0.31
2023-04-21,-0.29
2023-04-24,-0.35
2023-04-25,-0.41
2023-04-26,-0.37
2023-04-27,-0.3
2023-04-28,-0.38
2023-05-01,-0.22
2023-05-02,-0.3
2023-05-03,-0.31
2023-05-04,-0.53
2023-05-05,-0.52
2023-05-08,-0.44
2023-05-09,-0.42
2023-05-10,-0.48
2023-05-11,-0.54
2023-05-12,-0.53
2023-05-15,-0.42
2023-05-16,-0.35
2023-05-17,-0.35
2023-05-18,-0.35
2023-05-19,-0.32
2023-05-22,-0.3
2023-05-23,-0.31
2023-05-24,-0.28
2023-05-25,-0.27
2023-05-26,-0.31
2023-05-29,.
2023-05-30,-0.37
2023-05-31,-0.41
2023-06-01,-0.44
2023-06-02,-0.4
2023-06-05,-0.39
2023-06-06,-0.41
2023-06-07,-0.34
2023-06-08,-0.39
2023-06-09,-0.38
2023-06-12,-0.36
2023-06-13,-0.34
2023-06-14,-0.4
2023-06-15,-0.44
2023-06-16,-0.46
2023-06-19,.
2023-06-20,-0.48
2023-06-21,-0.5
2023-06-22,-0.43
2023-06-23,-0.47
2023-06-26,-0.47
2023-06-27,-0.45
2023-06-28,-0.5
2023-06-29,-0.4
2023-06-30,-0.48
2023-07-03,-0.45
2023-07-04,.
2023-07-05,-0.39
2023-07-06,-0.33
2023-07-07,-0.31
2023-07-10,-0.27
2023-07-11,-0.31
2023-07-12,-0.4
2023-07-13,-0.48
2023-07-14,-0.45
2023-07-17,-0.46
2023-07-18,-0.47
2023-07-19,-0.55
2023-07-20,-0.46
2023-07-21,-0.46
2023-07-24,-0.46
2023-07-25,-0.44
2023-07-26,-0.46
2023-07-27,-0.59
2023-07-28,-0.65
2023-07-31,-0.67
2023-08-01,-0.57
2023-08-02,-0.5
2023-08-03,-0.33
2023-08-04,-0.45
2023-08-07,-0.39
2023-08-08,-0.44
2023-08-09,-0.48
2023-08-10,-0.41
2023-08-11,-0.36
2023-08-14,-0.38
2023-08-15,-0.33
2023-08-16,-0.28
2023-08-17,-0.22
2023-08-18,-0.24
2023-08-21,-0.17
2023-08-22,-0.23
2023-08-23,-0.36
2023-08-24,-0.37
2023-08-25,-0.38
2023-08-28,-0.4
2023-08-29,-0.45
2023-08-30,-0.46
2023-08-31,-0.48
