DATE,BAAFF
2013-08-01,5.32
2013-08-02,5.22
2013-08-05,5.29
2013-08-06,5.27
2013-08-07,5.24
2013-08-08,5.22
2013-08-09,5.23
2013-08-12,5.25
2013-08-13,5.35
2013-08-14,5.34
2013-08-15,5.39
2013-08-16,5.45
2013-08-19,5.49
2013-08-20,5.45
2013-08-21,5.50
2013-08-22,5.49
2013-08-23,5.41
2013-08-26,5.38
2013-08-27,5.31
2013-08-28,5.36
2013-08-29,5.29
2013-08-30,5.27
2013-09-02,.
2013-09-03,5.35
2013-09-04,5.37
2013-09-05,5.45
2013-09-06,5.45
2013-09-09,5.42
2013-09-10,5.49
2013-09-11,5.46
2013-09-12,5.45
2013-09-13,5.46
2013-09-16,5.48
2013-09-17,5.45
2013-09-18,5.36
2013-09-19,5.39
2013-09-20,5.35
2013-09-23,5.33
2013-09-24,5.26
2013-09-25,5.25
2013-09-26,5.30
2013-09-27,5.29
2013-09-30,5.33
2013-10-01,5.34
2013-10-02,5.33
2013-10-03,5.32
2013-10-04,5.34
2013-10-07,5.31
2013-10-08,5.29
2013-10-09,5.30
2013-10-10,5.30
2013-10-11,5.28
2013-10-14,.
2013-10-15,5.31
2013-10-16,5.24
2013-10-17,5.17
2013-10-18,5.16
2013-10-21,5.19
2013-10-22,5.12
2013-10-23,5.10
2013-10-24,5.13
2013-10-25,5.11
2013-10-28,5.12
2013-10-29,5.14
2013-10-30,5.15
2013-10-31,5.15
2013-11-01,5.21
2013-11-04,5.21
2013-11-05,5.27
2013-11-06,5.29
2013-11-07,5.25
2013-11-08,5.38
2013-11-11,.
2013-11-12,5.39
2013-11-13,5.36
2013-11-14,5.32
2013-11-15,5.32
2013-11-18,5.24
2013-11-19,5.28
2013-11-20,5.38
2013-11-21,5.35
2013-11-22,5.31
2013-11-25,5.30
2013-11-26,5.25
2013-11-27,5.28
2013-11-28,.
2013-11-29,5.29
2013-12-02,5.32
2013-12-03,5.30
2013-12-04,5.37
2013-12-05,5.38
2013-12-06,5.37
2013-12-09,5.34
2013-12-10,5.28
2013-12-11,5.33
2013-12-12,5.33
2013-12-13,5.30
2013-12-16,5.30
2013-12-17,5.26
2013-12-18,5.30
2013-12-19,5.27
2013-12-20,5.18
2013-12-23,5.20
2013-12-24,5.27
2013-12-25,.
2013-12-26,5.29
2013-12-27,5.31
2013-12-30,5.26
2013-12-31,5.30
2014-01-01,.
2014-01-02,5.26
2014-01-03,5.27
2014-01-06,5.22
2014-01-07,5.21
2014-01-08,5.25
2014-01-09,5.21
2014-01-10,5.13
2014-01-13,5.11
2014-01-14,5.15
2014-01-15,5.15
2014-01-16,5.11
2014-01-17,5.10
2014-01-20,.
2014-01-21,5.08
2014-01-22,5.10
2014-01-23,5.04
2014-01-24,5.03
2014-01-27,5.07
2014-01-28,5.05
2014-01-29,5.00
2014-01-30,5.01
2014-01-31,5.00
2014-02-03,4.93
2014-02-04,4.98
2014-02-05,5.05
2014-02-06,5.06
2014-02-07,5.07
2014-02-10,5.05
2014-02-11,5.08
2014-02-12,5.09
2014-02-13,5.06
2014-02-14,5.07
2014-02-17,.
2014-02-18,5.04
2014-02-19,5.07
2014-02-20,5.08
2014-02-21,5.04
2014-02-24,5.06
2014-02-25,5.01
2014-02-26,4.98
2014-02-27,4.94
2014-02-28,4.95
2014-03-03,4.90
2014-03-04,4.98
2014-03-05,4.98
2014-03-06,5.03
2014-03-07,5.06
2014-03-10,5.07
2014-03-11,5.06
2014-03-12,5.03
2014-03-13,4.97
2014-03-14,4.97
2014-03-17,5.02
2014-03-18,5.02
2014-03-19,5.07
2014-03-20,5.05
2014-03-21,4.99
2014-03-24,4.94
2014-03-25,4.94
2014-03-26,4.91
2014-03-27,4.87
2014-03-28,4.90
2014-03-31,4.93
2014-04-01,4.95
2014-04-02,4.98
2014-04-03,4.96
2014-04-04,4.91
2014-04-07,4.86
2014-04-08,4.87
2014-04-09,4.88
2014-04-10,4.81
2014-04-11,4.77
2014-04-14,4.78
2014-04-15,4.74
2014-04-16,4.75
2014-04-17,4.80
2014-04-18,.
2014-04-21,4.81
2014-04-22,4.78
2014-04-23,4.75
2014-04-24,4.74
2014-04-25,4.72
2014-04-28,4.74
2014-04-29,4.76
2014-04-30,4.74
2014-05-01,4.68
2014-05-02,4.65
2014-05-05,4.69
2014-05-06,4.67
2014-05-07,4.70
2014-05-08,4.71
2014-05-09,4.75
2014-05-12,4.78
2014-05-13,4.73
2014-05-14,4.66
2014-05-15,4.63
2014-05-16,4.63
2014-05-19,4.67
2014-05-20,4.66
2014-05-21,4.71
2014-05-22,4.72
2014-05-23,4.69
2014-05-26,.
2014-05-27,4.66
2014-05-28,4.58
2014-05-29,4.60
2014-05-30,4.62
2014-06-02,4.67
2014-06-03,4.72
2014-06-04,4.75
2014-06-05,4.74
2014-06-06,4.74
2014-06-09,4.75
2014-06-10,4.76
2014-06-11,4.76
2014-06-12,4.70
2014-06-13,4.69
2014-06-16,4.68
2014-06-17,4.73
2014-06-18,4.70
2014-06-19,4.73
2014-06-20,4.73
2014-06-23,4.72
2014-06-24,4.67
2014-06-25,4.65
2014-06-26,4.61
2014-06-27,4.64
2014-06-30,4.62
2014-07-01,4.67
2014-07-02,4.74
2014-07-03,4.77
2014-07-04,.
2014-07-07,4.71
2014-07-08,4.67
2014-07-09,4.65
2014-07-10,4.66
2014-07-11,4.64
2014-07-14,4.67
2014-07-15,4.67
2014-07-16,4.65
2014-07-17,4.60
2014-07-18,4.61
2014-07-21,4.58
2014-07-22,4.58
2014-07-23,4.59
2014-07-24,4.63
2014-07-25,4.58
2014-07-28,4.60
2014-07-29,4.56
2014-07-30,4.65
2014-07-31,4.67
2014-08-01,4.66
2014-08-04,4.66
2014-08-05,4.65
2014-08-06,4.66
2014-08-07,4.62
2014-08-08,4.62
2014-08-11,4.63
2014-08-12,4.66
2014-08-13,4.65
2014-08-14,4.60
2014-08-15,4.54
2014-08-18,4.61
2014-08-19,4.64
2014-08-20,4.64
2014-08-21,4.60
2014-08-22,4.57
2014-08-25,4.55
2014-08-26,4.56
2014-08-27,4.52
2014-08-28,4.48
2014-08-29,4.51
2014-09-01,.
2014-09-02,4.58
2014-09-03,4.56
2014-09-04,4.61
2014-09-05,4.66
2014-09-08,4.65
2014-09-09,4.66
2014-09-10,4.71
2014-09-11,4.70
2014-09-12,4.80
2014-09-15,4.79
2014-09-16,4.81
2014-09-17,4.82
2014-09-18,4.82
2014-09-19,4.76
2014-09-22,4.75
2014-09-23,4.71
2014-09-24,4.75
2014-09-25,4.70
2014-09-26,4.72
2014-09-29,4.69
2014-09-30,4.74
2014-10-01,4.64
2014-10-02,4.67
2014-10-03,4.65
2014-10-06,4.64
2014-10-07,4.57
2014-10-08,4.58
2014-10-09,4.60
2014-10-10,4.58
2014-10-13,.
2014-10-14,4.51
2014-10-15,4.50
2014-10-16,4.55
2014-10-17,4.57
2014-10-20,4.56
2014-10-21,4.57
2014-10-22,4.58
2014-10-23,4.62
2014-10-24,4.63
2014-10-27,4.62
2014-10-28,4.64
2014-10-29,4.61
2014-10-30,4.62
2014-10-31,4.67
2014-11-03,4.66
2014-11-04,4.64
2014-11-05,4.66
2014-11-06,4.70
2014-11-07,4.66
2014-11-10,4.70
2014-11-11,.
2014-11-12,4.71
2014-11-13,4.73
2014-11-14,4.71
2014-11-17,4.73
2014-11-18,4.73
2014-11-19,4.77
2014-11-20,4.76
2014-11-21,4.70
2014-11-24,4.70
2014-11-25,4.63
2014-11-26,4.61
2014-11-27,.
2014-11-28,4.62
2014-12-01,4.63
2014-12-02,4.70
2014-12-03,4.69
2014-12-04,4.66
2014-12-05,4.67
2014-12-08,4.62
2014-12-09,4.61
2014-12-10,4.59
2014-12-11,4.60
2014-12-12,4.56
2014-12-15,4.57
2014-12-16,4.55
2014-12-17,4.61
2014-12-18,4.65
2014-12-19,4.60
2014-12-22,4.57
2014-12-23,4.66
2014-12-24,4.64
2014-12-25,.
2014-12-26,4.62
2014-12-29,4.58
2014-12-30,4.56
2014-12-31,4.62
2015-01-01,.
2015-01-02,4.51
2015-01-05,4.44
2015-01-06,4.37
2015-01-07,4.37
2015-01-08,4.45
2015-01-09,4.41
2015-01-12,4.35
2015-01-13,4.34
2015-01-14,4.32
2015-01-15,4.30
2015-01-16,4.32
2015-01-19,.
2015-01-20,4.31
2015-01-21,4.34
2015-01-22,4.37
2015-01-23,4.29
2015-01-26,4.29
2015-01-27,4.31
2015-01-28,4.20
2015-01-29,4.24
2015-01-30,4.23
2015-02-02,4.17
2015-02-03,4.28
2015-02-04,4.30
2015-02-05,4.31
2015-02-06,4.39
2015-02-09,4.37
2015-02-10,4.42
2015-02-11,4.41
2015-02-12,4.41
2015-02-13,4.45
2015-02-16,.
2015-02-17,4.55
2015-02-18,4.48
2015-02-19,4.52
2015-02-20,4.51
2015-02-23,4.43
2015-02-24,4.37
2015-02-25,4.34
2015-02-26,4.36
2015-02-27,4.40
2015-03-02,4.44
2015-03-03,4.46
2015-03-04,4.47
2015-03-05,4.47
2015-03-06,4.57
2015-03-09,4.54
2015-03-10,4.47
2015-03-11,4.45
2015-03-12,4.45
2015-03-13,4.49
2015-03-16,4.46
2015-03-17,4.43
2015-03-18,4.37
2015-03-19,4.36
2015-03-20,4.32
2015-03-23,4.34
2015-03-24,4.30
2015-03-25,4.34
2015-03-26,4.45
2015-03-27,4.36
2015-03-30,4.39
2015-03-31,4.43
2015-04-01,4.30
2015-04-02,4.35
2015-04-03,4.31
2015-04-06,4.37
2015-04-07,4.33
2015-04-08,4.31
2015-04-09,4.38
2015-04-10,4.37
2015-04-13,4.35
2015-04-14,4.31
2015-04-15,4.32
2015-04-16,4.32
2015-04-17,4.27
2015-04-20,4.32
2015-04-21,4.33
2015-04-22,4.39
2015-04-23,4.37
2015-04-24,4.36
2015-04-27,4.35
2015-04-28,4.42
2015-04-29,4.51
2015-04-30,4.57
2015-05-01,4.60
2015-05-04,4.64
2015-05-05,4.68
2015-05-06,4.76
2015-05-07,4.69
2015-05-08,4.68
2015-05-11,4.81
2015-05-12,4.80
2015-05-13,4.85
2015-05-14,4.84
2015-05-15,4.73
2015-05-18,4.83
2015-05-19,4.86
2015-05-20,4.87
2015-05-21,4.82
2015-05-22,4.82
2015-05-25,.
2015-05-26,4.75
2015-05-27,4.73
2015-05-28,4.76
2015-05-29,4.76
2015-06-01,4.82
2015-06-02,4.90
2015-06-03,4.97
2015-06-04,4.90
2015-06-05,4.97
2015-06-08,4.96
2015-06-09,5.02
2015-06-10,5.07
2015-06-11,4.97
2015-06-12,4.96
2015-06-15,4.96
2015-06-16,4.92
2015-06-17,4.94
2015-06-18,5.03
2015-06-19,4.95
2015-06-22,5.05
2015-06-23,5.11
2015-06-24,5.06
2015-06-25,5.07
2015-06-26,5.17
2015-06-29,5.03
2015-06-30,5.10
2015-07-01,5.13
2015-07-02,5.13
2015-07-03,.
2015-07-06,5.01
2015-07-07,4.98
2015-07-08,4.96
2015-07-09,5.07
2015-07-10,5.19
2015-07-13,5.19
2015-07-14,5.19
2015-07-15,5.14
2015-07-16,5.10
2015-07-17,5.08
2015-07-20,5.10
2015-07-21,5.09
2015-07-22,5.05
2015-07-23,5.00
2015-07-24,5.01
2015-07-27,4.99
2015-07-28,5.03
2015-07-29,5.05
2015-07-30,5.02
2015-07-31,5.06
2015-08-03,4.94
2015-08-04,4.97
2015-08-05,5.04
2015-08-06,5.01
2015-08-07,4.95
2015-08-10,5.03
2015-08-11,4.94
2015-08-12,4.96
2015-08-13,5.02
2015-08-14,5.03
2015-08-17,4.98
2015-08-18,5.06
2015-08-19,5.03
2015-08-20,4.98
2015-08-21,5.00
2015-08-24,5.00
2015-08-25,5.14
2015-08-26,5.24
2015-08-27,5.19
2015-08-28,5.18
2015-08-31,5.28
2015-09-01,5.21
2015-09-02,5.23
2015-09-03,5.21
2015-09-04,5.14
2015-09-07,.
2015-09-08,5.22
2015-09-09,5.17
2015-09-10,5.21
2015-09-11,5.17
2015-09-14,5.17
2015-09-15,5.30
2015-09-16,5.31
2015-09-17,5.25
2015-09-18,5.14
2015-09-21,5.25
2015-09-22,5.15
2015-09-23,5.17
2015-09-24,5.15
2015-09-25,5.23
2015-09-28,5.18
2015-09-29,5.18
2015-09-30,5.28
2015-10-01,5.23
2015-10-02,5.20
2015-10-05,5.27
2015-10-06,5.24
2015-10-07,5.22
2015-10-08,5.27
2015-10-09,5.25
2015-10-12,.
2015-10-13,5.21
2015-10-14,5.17
2015-10-15,5.20
2015-10-16,5.19
2015-10-19,5.21
2015-10-20,5.24
2015-10-21,5.19
2015-10-22,5.18
2015-10-23,5.20
2015-10-26,5.17
2015-10-27,5.18
2015-10-28,5.18
2015-10-29,5.28
2015-10-30,5.28
2015-11-02,5.26
2015-11-03,5.30
2015-11-04,5.29
2015-11-05,5.32
2015-11-06,5.39
2015-11-09,5.39
2015-11-10,5.38
2015-11-11,.
2015-11-12,5.39
2015-11-13,5.36
2015-11-16,5.38
2015-11-17,5.35
2015-11-18,5.36
2015-11-19,5.32
2015-11-20,5.34
2015-11-23,5.32
2015-11-24,5.32
2015-11-25,5.32
2015-11-26,.
2015-11-27,5.32
2015-11-30,5.33
2015-12-01,5.23
2015-12-02,5.22
2015-12-03,5.38
2015-12-04,5.30
2015-12-07,5.25
2015-12-08,5.30
2015-12-09,5.26
2015-12-10,5.29
2015-12-11,5.23
2015-12-14,5.31
2015-12-15,5.34
2015-12-16,5.36
2015-12-17,5.08
2015-12-18,5.07
2015-12-21,5.11
2015-12-22,5.14
2015-12-23,5.17
2015-12-24,5.11
2015-12-25,.
2015-12-28,5.09
2015-12-29,5.18
2015-12-30,5.19
2015-12-31,5.30
2016-01-01,.
2016-01-04,5.12
2016-01-05,5.14
2016-01-06,5.08
2016-01-07,5.08
2016-01-08,5.08
2016-01-11,5.11
2016-01-12,5.05
2016-01-13,5.00
2016-01-14,5.10
2016-01-15,5.05
2016-01-18,.
2016-01-19,5.05
2016-01-20,5.04
2016-01-21,5.10
2016-01-22,5.11
2016-01-25,5.09
2016-01-26,5.09
2016-01-27,5.10
2016-01-28,5.10
2016-01-29,5.13
2016-02-01,5.08
2016-02-02,4.98
2016-02-03,5.02
2016-02-04,5.02
2016-02-05,5.00
2016-02-08,4.90
2016-02-09,4.90
2016-02-10,4.89
2016-02-11,4.88
2016-02-12,4.96
2016-02-15,.
2016-02-16,4.99
2016-02-17,5.06
2016-02-18,4.99
2016-02-19,4.94
2016-02-22,4.96
2016-02-23,4.94
2016-02-24,4.93
2016-02-25,4.90
2016-02-26,4.95
2016-02-29,5.00
2016-03-01,5.01
2016-03-02,4.97
2016-03-03,4.93
2016-03-04,4.95
2016-03-07,4.94
2016-03-08,4.85
2016-03-09,4.90
2016-03-10,4.87
2016-03-11,4.88
2016-03-14,4.83
2016-03-15,4.79
2016-03-16,4.79
2016-03-17,4.74
2016-03-18,4.68
2016-03-21,4.70
2016-03-22,4.67
2016-03-23,4.58
2016-03-24,4.60
2016-03-25,.
2016-03-28,4.57
2016-03-29,4.53
2016-03-30,4.57
2016-03-31,4.65
2016-04-01,4.52
2016-04-04,4.51
2016-04-05,4.44
2016-04-06,4.47
2016-04-07,4.39
2016-04-08,4.42
2016-04-11,4.41
2016-04-12,4.45
2016-04-13,4.41
2016-04-14,4.42
2016-04-15,4.38
2016-04-18,4.40
2016-04-19,4.38
2016-04-20,4.41
2016-04-21,4.42
2016-04-22,4.41
2016-04-25,4.42
2016-04-26,4.42
2016-04-27,4.36
2016-04-28,4.36
2016-04-29,4.39
2016-05-02,4.37
2016-05-03,4.29
2016-05-04,4.27
2016-05-05,4.25
2016-05-06,4.29
2016-05-09,4.29
2016-05-10,4.29
2016-05-11,4.26
2016-05-12,4.29
2016-05-13,4.24
2016-05-16,4.28
2016-05-17,4.28
2016-05-18,4.37
2016-05-19,4.33
2016-05-20,4.34
2016-05-23,4.33
2016-05-24,4.34
2016-05-25,4.37
2016-05-26,4.32
2016-05-27,4.33
2016-05-30,.
2016-05-31,4.39
2016-06-01,4.30
2016-06-02,4.27
2016-06-03,4.20
2016-06-06,4.22
2016-06-07,4.21
2016-06-08,4.19
2016-06-09,4.16
2016-06-10,4.13
2016-06-13,4.11
2016-06-14,4.13
2016-06-15,4.13
2016-06-16,4.09
2016-06-17,4.13
2016-06-20,4.16
2016-06-21,4.19
2016-06-22,4.17
2016-06-23,4.21
2016-06-24,4.15
2016-06-27,4.01
2016-06-28,4.00
2016-06-29,3.99
2016-06-30,4.11
2016-07-01,3.91
2016-07-04,.
2016-07-05,3.80
2016-07-06,3.81
2016-07-07,3.79
2016-07-08,3.75
2016-07-11,3.78
2016-07-12,3.83
2016-07-13,3.77
2016-07-14,3.83
2016-07-15,3.86
2016-07-18,3.86
2016-07-19,3.83
2016-07-20,3.85
2016-07-21,3.85
2016-07-22,3.83
2016-07-25,3.83
2016-07-26,3.82
2016-07-27,3.79
2016-07-28,3.80
2016-07-29,3.87
2016-08-01,3.84
2016-08-02,3.90
2016-08-03,3.91
2016-08-04,3.87
2016-08-05,3.92
2016-08-08,3.90
2016-08-09,3.85
2016-08-10,3.81
2016-08-11,3.87
2016-08-12,3.82
2016-08-15,3.85
2016-08-16,3.87
2016-08-17,3.85
2016-08-18,3.83
2016-08-19,3.85
2016-08-22,3.80
2016-08-23,3.79
2016-08-24,3.80
2016-08-25,3.81
2016-08-26,3.85
2016-08-29,3.76
2016-08-30,3.79
2016-08-31,3.89
2016-09-01,3.79
2016-09-02,3.83
2016-09-05,.
2016-09-06,3.79
2016-09-07,3.79
2016-09-08,3.88
2016-09-09,3.94
2016-09-12,3.96
2016-09-13,4.03
2016-09-14,4.00
2016-09-15,4.03
2016-09-16,4.01
2016-09-19,4.00
2016-09-20,3.99
2016-09-21,3.96
2016-09-22,3.92
2016-09-23,3.90
2016-09-26,3.89
2016-09-27,3.85
2016-09-28,3.86
2016-09-29,3.83
2016-09-30,4.00
2016-10-03,3.89
2016-10-04,3.95
2016-10-05,3.96
2016-10-06,3.96
2016-10-07,3.96
2016-10-10,.
2016-10-11,3.96
2016-10-12,3.98
2016-10-13,3.93
2016-10-14,4.02
2016-10-17,3.98
2016-10-18,3.96
2016-10-19,3.97
2016-10-20,3.94
2016-10-21,3.93
2016-10-24,3.95
2016-10-25,3.94
2016-10-26,3.98
2016-10-27,4.03
2016-10-28,4.05
2016-10-31,4.14
2016-11-01,4.03
2016-11-02,4.03
2016-11-03,4.08
2016-11-04,4.05
2016-11-07,4.08
2016-11-08,4.09
2016-11-09,4.32
2016-11-10,4.34
2016-11-11,.
2016-11-14,4.42
2016-11-15,4.41
2016-11-16,4.36
2016-11-17,4.42
2016-11-18,4.45
2016-11-21,4.44
2016-11-22,4.43
2016-11-23,4.44
2016-11-24,.
2016-11-25,4.43
2016-11-28,4.38
2016-11-29,4.35
2016-11-30,4.51
2016-12-01,4.46
2016-12-02,4.41
2016-12-05,4.40
2016-12-06,4.42
2016-12-07,4.37
2016-12-08,4.42
2016-12-09,4.49
2016-12-12,4.49
2016-12-13,4.46
2016-12-14,4.45
2016-12-15,4.18
2016-12-16,4.22
2016-12-19,4.16
2016-12-20,4.19
2016-12-21,4.15
2016-12-22,4.16
2016-12-23,4.14
2016-12-26,.
2016-12-27,4.16
2016-12-28,4.11
2016-12-29,4.10
2016-12-30,4.18
2017-01-02,.
2017-01-03,4.06
2017-01-04,4.05
2017-01-05,3.96
2017-01-06,4.00
2017-01-09,3.96
2017-01-10,3.96
2017-01-11,3.94
2017-01-12,3.95
2017-01-13,3.97
2017-01-16,.
2017-01-17,3.93
2017-01-18,3.98
2017-01-19,4.02
2017-01-20,4.03
2017-01-23,3.96
2017-01-24,4.03
2017-01-25,4.08
2017-01-26,4.05
2017-01-27,4.02
2017-01-30,4.04
2017-01-31,4.12
2017-02-01,4.05
2017-02-02,4.05
2017-02-03,4.07
2017-02-06,4.01
2017-02-07,3.98
2017-02-08,3.93
2017-02-09,3.98
2017-02-10,3.98
2017-02-13,4.00
2017-02-14,4.02
2017-02-15,4.04
2017-02-16,3.99
2017-02-17,3.97
2017-02-20,.
2017-02-21,3.97
2017-02-22,3.97
2017-02-23,3.95
2017-02-24,3.88
2017-02-27,3.91
2017-02-28,3.98
2017-03-01,3.98
2017-03-02,3.99
2017-03-03,3.99
2017-03-06,4.00
2017-03-07,4.01
2017-03-08,4.06
2017-03-09,4.11
2017-03-10,4.10
2017-03-13,4.13
2017-03-14,4.12
2017-03-15,4.05
2017-03-16,3.83
2017-03-17,3.81
2017-03-20,3.79
2017-03-21,3.75
2017-03-22,3.72
2017-03-23,3.74
2017-03-24,3.71
2017-03-27,3.70
2017-03-28,3.73
2017-03-29,3.71
2017-03-30,3.74
2017-03-31,3.82
2017-04-03,3.70
2017-04-04,3.71
2017-04-05,3.72
2017-04-06,3.70
2017-04-07,3.71
2017-04-10,3.70
2017-04-11,3.65
2017-04-12,3.65
2017-04-13,3.61
2017-04-14,.
2017-04-17,3.64
2017-04-18,3.56
2017-04-19,3.59
2017-04-20,3.61
2017-04-21,3.62
2017-04-24,3.65
2017-04-25,3.70
2017-04-26,3.68
2017-04-27,3.67
2017-04-28,3.74
2017-05-01,3.71
2017-05-02,3.68
2017-05-03,3.65
2017-05-04,3.70
2017-05-05,3.69
2017-05-08,3.71
2017-05-09,3.73
2017-05-10,3.72
2017-05-11,3.72
2017-05-12,3.67
2017-05-15,3.68
2017-05-16,3.66
2017-05-17,3.57
2017-05-18,3.58
2017-05-19,3.58
2017-05-22,3.58
2017-05-23,3.60
2017-05-24,3.60
2017-05-25,3.58
2017-05-26,3.58
2017-05-29,.
2017-05-30,3.55
2017-05-31,3.61
2017-06-01,3.54
2017-06-02,3.48
2017-06-05,3.51
2017-06-06,3.48
2017-06-07,3.50
2017-06-08,3.51
2017-06-09,3.51
2017-06-12,3.52
2017-06-13,3.51
2017-06-14,3.43
2017-06-15,3.18
2017-06-16,3.19
2017-06-19,3.20
2017-06-20,3.16
2017-06-21,3.15
2017-06-22,3.15
2017-06-23,3.14
2017-06-26,3.13
2017-06-27,3.17
2017-06-28,3.20
2017-06-29,3.22
2017-06-30,3.34
2017-07-03,3.26
2017-07-04,.
2017-07-05,3.25
2017-07-06,3.28
2017-07-07,3.31
2017-07-10,3.30
2017-07-11,3.29
2017-07-12,3.26
2017-07-13,3.28
2017-07-14,3.26
2017-07-17,3.24
2017-07-18,3.19
2017-07-19,3.18
2017-07-20,3.16
2017-07-21,3.13
2017-07-24,3.16
2017-07-25,3.22
2017-07-26,3.2
2017-07-27,3.23
2017-07-28,3.19
2017-07-31,3.29
2017-08-01,3.16
2017-08-02,3.16
2017-08-03,3.13
2017-08-04,3.16
2017-08-07,3.16
2017-08-08,3.2
2017-08-09,3.17
2017-08-10,3.15
2017-08-11,3.15
2017-08-14,3.17
2017-08-15,3.2
2017-08-16,3.16
2017-08-17,3.14
2017-08-18,3.15
2017-08-21,3.14
2017-08-22,3.16
2017-08-23,3.13
2017-08-24,3.15
2017-08-25,3.13
2017-08-28,3.13
2017-08-29,3.12
2017-08-30,3.13
2017-08-31,3.19
2017-09-01,3.15
2017-09-04,.
2017-09-05,3.07
2017-09-06,3.11
2017-09-07,3.06
2017-09-08,3.07
2017-09-11,3.13
2017-09-12,3.17
2017-09-13,3.17
2017-09-14,3.15
2017-09-15,3.14
2017-09-18,3.17
2017-09-19,3.17
2017-09-20,3.18
2017-09-21,3.16
2017-09-22,3.15
2017-09-25,3.12
2017-09-26,3.12
2017-09-27,3.21
2017-09-28,3.2
2017-09-29,3.27
2017-10-02,3.17
2017-10-03,3.17
2017-10-04,3.18
2017-10-05,3.19
2017-10-06,3.19
2017-10-09,.
2017-10-10,3.16
2017-10-11,3.16
2017-10-12,3.14
2017-10-13,3.09
2017-10-16,3.11
2017-10-17,3.09
2017-10-18,3.13
2017-10-19,3.11
2017-10-20,3.17
2017-10-23,3.16
2017-10-24,3.18
2017-10-25,3.21
2017-10-26,3.21
2017-10-27,3.19
2017-10-30,3.13
2017-10-31,3.22
2017-11-01,3.13
2017-11-02,3.1
2017-11-03,3.09
2017-11-06,3.08
2017-11-07,3.06
2017-11-08,3.08
2017-11-09,3.1
2017-11-10,.
2017-11-13,3.17
2017-11-14,3.15
2017-11-15,3.12
2017-11-16,3.13
2017-11-17,3.12
2017-11-20,3.12
2017-11-21,3.08
2017-11-22,3.07
2017-11-23,.
2017-11-24,3.08
2017-11-27,3.09
2017-11-28,3.09
2017-11-29,3.13
2017-11-30,3.23
2017-12-01,3.08
2017-12-04,3.08
2017-12-05,3.04
2017-12-06,3.03
2017-12-07,3.09
2017-12-08,3.09
2017-12-11,3.08
2017-12-12,3.07
2017-12-13,3.02
2017-12-14,2.76
2017-12-15,2.74
2017-12-18,2.78
2017-12-19,2.85
2017-12-20,2.89
2017-12-21,2.85
2017-12-22,2.85
2017-12-25,.
2017-12-26,2.83
2017-12-27,2.76
2017-12-28,2.77
2017-12-29,2.84
2018-01-01,.
2018-01-02,2.82
2018-01-03,2.79
2018-01-04,2.79
2018-01-05,2.81
2018-01-08,2.81
2018-01-09,2.87
2018-01-10,2.86
2018-01-11,2.81
2018-01-12,2.81
2018-01-15,.
2018-01-16,2.78
2018-01-17,2.81
2018-01-18,2.84
2018-01-19,2.86
2018-01-22,2.88
2018-01-23,2.85
2018-01-24,2.88
2018-01-25,2.82
2018-01-26,2.84
2018-01-29,2.87
2018-01-30,2.9
2018-01-31,2.94
2018-02-01,2.92
2018-02-02,3.0
2018-02-05,2.98
2018-02-06,2.98
2018-02-07,3.04
2018-02-08,3.06
2018-02-09,3.08
2018-02-12,3.08
2018-02-13,3.1
2018-02-14,3.15
2018-02-15,3.11
2018-02-16,3.11
2018-02-19,.
2018-02-20,3.13
2018-02-21,3.19
2018-02-22,3.18
2018-02-23,3.14
2018-02-26,3.14
2018-02-27,3.17
2018-02-28,3.2
2018-03-01,3.11
2018-03-02,3.16
2018-03-05,3.18
2018-03-06,3.21
2018-03-07,3.24
2018-03-08,3.22
2018-03-09,3.25
2018-03-12,3.24
2018-03-13,3.22
2018-03-14,3.19
2018-03-15,3.2
2018-03-16,3.21
2018-03-19,3.22
2018-03-20,3.24
2018-03-21,3.27
2018-03-22,2.99
2018-03-23,3.01
2018-03-26,3.01
2018-03-27,2.96
2018-03-28,2.95
2018-03-29,2.91
2018-03-30,.
2018-04-02,2.91
2018-04-03,2.94
2018-04-04,2.95
2018-04-05,2.98
2018-04-06,2.92
2018-04-09,2.92
2018-04-10,2.91
2018-04-11,2.9
2018-04-12,2.93
2018-04-13,2.92
2018-04-16,2.91
2018-04-17,2.89
2018-04-18,2.94
2018-04-19,3.0
2018-04-20,3.04
2018-04-23,3.04
2018-04-24,3.07
2018-04-25,3.13
2018-04-26,3.1
2018-04-27,3.06
2018-04-30,3.05
2018-05-01,3.09
2018-05-02,3.1
2018-05-03,3.1
2018-05-04,3.11
2018-05-07,3.12
2018-05-08,3.14
2018-05-09,3.16
2018-05-10,3.11
2018-05-11,3.09
2018-05-14,3.11
2018-05-15,3.19
2018-05-16,3.19
2018-05-17,3.23
2018-05-18,3.19
2018-05-21,3.19
2018-05-22,3.19
2018-05-23,3.15
2018-05-24,3.12
2018-05-25,3.08
2018-05-28,.
2018-05-29,3.03
2018-05-30,3.05
2018-05-31,3.02
2018-06-01,3.09
2018-06-04,3.12
2018-06-05,3.12
2018-06-06,3.18
2018-06-07,3.12
2018-06-08,3.13
2018-06-11,3.15
2018-06-12,3.14
2018-06-13,3.15
2018-06-14,2.92
2018-06-15,2.9
2018-06-18,2.92
2018-06-19,2.89
2018-06-20,2.93
2018-06-21,2.93
2018-06-22,2.95
2018-06-25,2.94
2018-06-26,2.95
2018-06-27,2.9
2018-06-28,2.93
2018-06-29,2.93
2018-07-02,2.93
2018-07-03,2.91
2018-07-04,.
2018-07-05,2.88
2018-07-06,2.87
2018-07-09,2.88
2018-07-10,2.87
2018-07-11,2.85
2018-07-12,2.84
2018-07-13,2.82
2018-07-16,2.85
2018-07-17,2.85
2018-07-18,2.86
2018-07-19,2.83
2018-07-20,2.89
2018-07-23,2.96
2018-07-24,2.92
2018-07-25,2.9
2018-07-26,2.92
2018-07-27,2.89
2018-07-30,2.91
2018-07-31,2.88
2018-08-01,2.92
2018-08-02,2.91
2018-08-03,2.88
2018-08-06,2.85
2018-08-07,2.89
2018-08-08,2.89
2018-08-09,2.87
2018-08-10,2.83
2018-08-13,2.88
2018-08-14,2.88
2018-08-15,2.85
2018-08-16,2.84
2018-08-17,2.84
2018-08-20,2.79
2018-08-21,2.81
2018-08-22,2.81
2018-08-23,2.8
2018-08-24,2.8
2018-08-27,2.82
2018-08-28,2.86
2018-08-29,2.85
2018-08-30,2.84
2018-08-31,2.87
2018-09-03,.
2018-09-04,2.92
2018-09-05,2.93
2018-09-06,2.89
2018-09-07,2.95
2018-09-10,2.94
2018-09-11,2.96
2018-09-12,2.94
2018-09-13,2.92
2018-09-14,2.95
2018-09-17,2.95
2018-09-18,3.01
2018-09-19,3.04
2018-09-20,3.0
2018-09-21,2.98
2018-09-24,2.99
2018-09-25,3.0
2018-09-26,2.97
2018-09-27,2.71
2018-09-28,2.71
2018-10-01,2.74
2018-10-02,2.71
2018-10-03,2.8
2018-10-04,2.85
2018-10-05,2.9
2018-10-08,.
2018-10-09,2.87
2018-10-10,2.9
2018-10-11,2.84
2018-10-12,2.85
2018-10-15,2.87
2018-10-16,2.86
2018-10-17,2.88
2018-10-18,2.9
2018-10-19,2.93
2018-10-22,2.93
2018-10-23,2.93
2018-10-24,2.89
2018-10-25,2.92
2018-10-26,2.9
2018-10-29,2.9
2018-10-30,2.95
2018-10-31,2.98
2018-11-01,2.98
2018-11-02,3.05
2018-11-05,3.02
2018-11-06,3.0
2018-11-07,2.98
2018-11-08,3.0
2018-11-09,2.98
2018-11-12,.
2018-11-13,2.98
2018-11-14,3.01
2018-11-15,3.04
2018-11-16,3.01
2018-11-19,3.02
2018-11-20,3.03
2018-11-21,3.03
2018-11-22,.
2018-11-23,3.03
2018-11-26,3.03
2018-11-27,3.06
2018-11-28,3.08
2018-11-29,3.09
2018-11-30,3.08
2018-12-03,3.05
2018-12-04,2.96
2018-12-05,.
2018-12-06,2.96
2018-12-07,2.97
2018-12-10,2.96
2018-12-11,2.96
2018-12-12,2.96
2018-12-13,2.97
2018-12-14,2.95
2018-12-17,2.91
2018-12-18,2.88
2018-12-19,2.84
2018-12-20,2.67
2018-12-21,2.7
2018-12-24,2.69
2018-12-25,.
2018-12-26,2.74
2018-12-27,2.73
2018-12-28,2.76
2018-12-31,2.74
2019-01-01,.
2019-01-02,2.71
2019-01-03,2.64
2019-01-04,2.72
2019-01-07,2.72
2019-01-08,2.72
2019-01-09,2.73
2019-01-10,2.76
2019-01-11,2.73
2019-01-14,2.77
2019-01-15,2.78
2019-01-16,2.78
2019-01-17,2.78
2019-01-18,2.77
2019-01-21,.
2019-01-22,2.72
2019-01-23,2.73
2019-01-24,2.69
2019-01-25,2.7
2019-01-28,2.71
2019-01-29,2.68
2019-01-30,2.67
2019-01-31,2.61
2019-02-01,2.61
2019-02-04,2.63
2019-02-05,2.58
2019-02-06,2.58
2019-02-07,2.56
2019-02-08,2.53
2019-02-11,2.55
2019-02-12,2.58
2019-02-13,2.58
2019-02-14,2.56
2019-02-15,2.54
2019-02-18,.
2019-02-19,2.53
2019-02-20,2.48
2019-02-21,2.52
2019-02-22,2.5
2019-02-25,2.5
2019-02-26,2.48
2019-02-27,2.54
2019-02-28,2.55
2019-03-01,2.58
2019-03-04,2.54
2019-03-05,2.54
2019-03-06,2.54
2019-03-07,2.49
2019-03-08,2.49
2019-03-11,2.51
2019-03-12,2.46
2019-03-13,2.47
2019-03-14,2.5
2019-03-15,2.47
2019-03-18,2.47
2019-03-19,2.48
2019-03-20,2.42
2019-03-21,2.41
2019-03-22,2.33
2019-03-25,2.31
2019-03-26,2.31
2019-03-27,2.26
2019-03-28,2.25
2019-03-29,2.24
2019-04-01,2.32
2019-04-02,2.31
2019-04-03,2.34
2019-04-04,2.32
2019-04-05,2.31
2019-04-08,2.32
2019-04-09,2.29
2019-04-10,2.28
2019-04-11,2.3
2019-04-12,2.3
2019-04-15,2.29
2019-04-16,2.31
2019-04-17,2.3
2019-04-18,2.26
2019-04-19,.
2019-04-22,2.29
2019-04-23,2.27
2019-04-24,2.23
2019-04-25,2.24
2019-04-26,2.2
2019-04-29,2.22
2019-04-30,2.2
2019-05-01,2.18
2019-05-02,2.26
2019-05-03,2.25
2019-05-06,2.25
2019-05-07,2.22
2019-05-08,2.27
2019-05-09,2.28
2019-05-10,2.29
2019-05-13,2.27
2019-05-14,2.28
2019-05-15,2.23
2019-05-16,2.25
2019-05-17,2.24
2019-05-20,2.26
2019-05-21,2.27
2019-05-22,2.27
2019-05-23,2.21
2019-05-24,2.25
2019-05-27,.
2019-05-28,2.19
2019-05-29,2.19
2019-05-30,2.16
2019-05-31,2.11
2019-06-03,2.11
2019-06-04,2.16
2019-06-05,2.19
2019-06-06,2.19
2019-06-07,2.14
2019-06-10,2.17
2019-06-11,2.16
2019-06-12,2.17
2019-06-13,2.15
2019-06-14,2.15
2019-06-17,2.12
2019-06-18,2.09
2019-06-19,2.07
2019-06-20,2.02
2019-06-21,2.04
2019-06-24,1.97
2019-06-25,1.96
2019-06-26,1.99
2019-06-27,1.94
2019-06-28,1.91
2019-07-01,1.93
2019-07-02,1.87
2019-07-03,1.81
2019-07-04,.
2019-07-05,1.88
2019-07-08,1.87
2019-07-09,1.88
2019-07-10,1.91
2019-07-11,1.98
2019-07-12,1.99
2019-07-15,1.94
2019-07-16,1.95
2019-07-17,1.89
2019-07-18,1.9
2019-07-19,1.9
2019-07-22,1.89
2019-07-23,1.91
2019-07-24,1.8
2019-07-25,1.82
2019-07-26,1.81
2019-07-29,1.79
2019-07-30,1.81
2019-07-31,1.75
2019-08-01,1.93
2019-08-02,1.9
2019-08-05,1.86
2019-08-06,1.85
2019-08-07,1.82
2019-08-08,1.85
2019-08-09,1.85
2019-08-12,1.76
2019-08-13,1.78
2019-08-14,1.7
2019-08-15,1.66
2019-08-16,1.68
2019-08-19,1.76
2019-08-20,1.72
2019-08-21,1.72
2019-08-22,1.75
2019-08-23,1.67
2019-08-26,1.69
2019-08-27,1.63
2019-08-28,1.61
2019-08-29,1.65
2019-08-30,1.63
2019-09-02,.
2019-09-03,1.62
2019-09-04,1.63
2019-09-05,1.72
2019-09-06,1.69
2019-09-09,1.73
2019-09-10,1.81
2019-09-11,1.84
2019-09-12,1.88
2019-09-13,1.97
2019-09-16,1.79
2019-09-17,1.72
2019-09-18,1.73
2019-09-19,2.06
2019-09-20,2.03
2019-09-23,1.99
2019-09-24,1.94
2019-09-25,2.03
2019-09-26,2.03
2019-09-27,2.05
2019-09-30,1.98
2019-10-01,1.99
2019-10-02,2.01
2019-10-03,2.0
2019-10-04,1.99
2019-10-07,2.02
2019-10-08,2.02
2019-10-09,2.06
2019-10-10,2.12
2019-10-11,2.16
2019-10-14,.
2019-10-15,2.08
2019-10-16,2.07
2019-10-17,2.12
2019-10-18,2.12
2019-10-21,2.14
2019-10-22,2.1
2019-10-23,2.1
2019-10-24,2.09
2019-10-25,2.13
2019-10-28,2.18
2019-10-29,2.17
2019-10-30,2.13
2019-10-31,2.29
2019-11-01,2.32
2019-11-04,2.39
2019-11-05,2.45
2019-11-06,2.4
2019-11-07,2.5
2019-11-08,2.5
2019-11-11,.
2019-11-12,2.47
2019-11-13,2.44
2019-11-14,2.4
2019-11-15,2.42
2019-11-18,2.4
2019-11-19,2.37
2019-11-20,2.34
2019-11-21,2.37
2019-11-22,2.36
2019-11-25,2.34
2019-11-26,2.3
2019-11-27,2.31
2019-11-28,.
2019-11-29,2.3
2019-12-02,2.38
2019-12-03,2.28
2019-12-04,2.33
2019-12-05,2.34
2019-12-06,2.36
2019-12-09,2.33
2019-12-10,2.31
2019-12-11,2.28
2019-12-12,2.37
2019-12-13,2.29
2019-12-16,2.33
2019-12-17,2.33
2019-12-18,2.35
2019-12-19,2.33
2019-12-20,2.33
2019-12-23,2.34
2019-12-24,2.32
2019-12-25,.
2019-12-26,2.32
2019-12-27,2.29
2019-12-30,2.32
2019-12-31,2.35
2020-01-01,.
2020-01-02,2.31
2020-01-03,2.24
2020-01-06,2.28
2020-01-07,2.31
2020-01-08,2.37
2020-01-09,2.33
2020-01-10,2.28
2020-01-13,2.3
2020-01-14,2.27
2020-01-15,2.26
2020-01-16,2.27
2020-01-17,2.27
2020-01-20,.
2020-01-21,2.2
2020-01-22,2.19
2020-01-23,2.17
2020-01-24,2.13
2020-01-27,2.1
2020-01-28,2.14
2020-01-29,2.1
2020-01-30,2.05
2020-01-31,2.05
2020-02-03,2.05
2020-02-04,2.11
2020-02-05,2.14
2020-02-06,2.11
2020-02-07,2.06
2020-02-10,2.04
2020-02-11,2.06
2020-02-12,2.1
2020-02-13,2.08
2020-02-14,2.05
2020-02-17,.
2020-02-18,2.01
2020-02-19,2.02
2020-02-20,1.98
2020-02-21,1.97
2020-02-24,1.93
2020-02-25,1.94
2020-02-26,1.95
2020-02-27,1.99
2020-02-28,1.93
2020-03-02,1.95
2020-03-03,1.91
2020-03-04,2.4
2020-03-05,2.35
2020-03-06,2.2
2020-03-09,2.38
2020-03-10,2.6
2020-03-11,2.72
2020-03-12,2.98
2020-03-13,3.14
2020-03-16,3.86
2020-03-17,4.26
2020-03-18,4.74
2020-03-19,4.93
2020-03-20,5.0
2020-03-23,4.92
2020-03-24,4.91
2020-03-25,4.91
2020-03-26,4.77
2020-03-27,4.6
2020-03-30,4.5
2020-03-31,4.55
2020-04-01,4.53
2020-04-02,4.5
2020-04-03,4.49
2020-04-06,4.53
2020-04-07,4.49
2020-04-08,4.47
2020-04-09,4.29
2020-04-10,.
2020-04-13,4.12
2020-04-14,4.07
2020-04-15,3.91
2020-04-16,3.84
2020-04-17,3.87
2020-04-20,3.86
2020-04-21,3.82
2020-04-22,3.88
2020-04-23,3.83
2020-04-24,3.8
2020-04-27,3.87
2020-04-28,3.83
2020-04-29,3.83
2020-04-30,3.82
2020-05-01,3.84
2020-05-04,3.87
2020-05-05,3.89
2020-05-06,3.98
2020-05-07,3.92
2020-05-08,4.01
2020-05-11,4.09
2020-05-12,4.04
2020-05-13,4.02
2020-05-14,3.99
2020-05-15,4.0
2020-05-18,4.06
2020-05-19,3.95
2020-05-20,3.87
2020-05-21,3.81
2020-05-22,3.79
2020-05-25,.
2020-05-26,3.78
2020-05-27,3.74
2020-05-28,3.75
2020-05-29,3.68
2020-06-01,3.71
2020-06-02,3.7
2020-06-03,3.73
2020-06-04,3.75
2020-06-05,3.7
2020-06-08,3.62
2020-06-09,3.57
2020-06-10,3.53
2020-06-11,3.49
2020-06-12,3.54
2020-06-15,3.55
2020-06-16,3.55
2020-06-17,3.52
2020-06-18,3.48
2020-06-19,3.48
2020-06-22,3.49
2020-06-23,3.51
2020-06-24,3.5
2020-06-25,3.52
2020-06-26,3.48
2020-06-29,3.5
2020-06-30,3.51
2020-07-01,3.5
2020-07-02,3.46
2020-07-03,.
2020-07-06,3.43
2020-07-07,3.37
2020-07-08,3.35
2020-07-09,3.26
2020-07-10,3.3
2020-07-13,3.29
2020-07-14,3.25
2020-07-15,3.25
2020-07-16,3.21
2020-07-17,3.23
2020-07-20,3.18
2020-07-21,3.14
2020-07-22,3.12
2020-07-23,3.08
2020-07-24,3.08
2020-07-27,3.08
2020-07-28,3.06
2020-07-29,3.09
2020-07-30,3.05
2020-07-31,3.05
2020-08-03,3.09
2020-08-04,3.04
2020-08-05,3.04
2020-08-06,3.02
2020-08-07,3.04
2020-08-10,3.05
2020-08-11,3.13
2020-08-12,3.14
2020-08-13,3.2
2020-08-14,3.22
2020-08-17,3.23
2020-08-18,3.22
2020-08-19,3.24
2020-08-20,3.21
2020-08-21,3.19
2020-08-24,3.19
2020-08-25,3.23
2020-08-26,3.26
2020-08-27,3.37
2020-08-28,3.36
2020-08-31,3.3
2020-09-01,3.26
2020-09-02,3.21
2020-09-03,3.18
2020-09-04,3.31
2020-09-07,.
2020-09-08,3.27
2020-09-09,3.31
2020-09-10,3.28
2020-09-11,3.27
2020-09-14,3.25
2020-09-15,3.27
2020-09-16,3.27
2020-09-17,3.25
2020-09-18,3.27
2020-09-21,3.25
2020-09-22,3.25
2020-09-23,3.27
2020-09-24,3.28
2020-09-25,3.31
2020-09-28,3.34
2020-09-29,3.31
2020-09-30,3.35
2020-10-01,3.34
2020-10-02,3.37
2020-10-05,3.43
2020-10-06,3.37
2020-10-07,3.41
2020-10-08,3.37
2020-10-09,3.37
2020-10-12,.
2020-10-13,3.3
2020-10-14,3.28
2020-10-15,3.3
2020-10-16,3.31
2020-10-19,3.3
2020-10-20,3.36
2020-10-21,3.37
2020-10-22,3.39
2020-10-23,3.36
2020-10-26,3.32
2020-10-27,3.3
2020-10-28,3.32
2020-10-29,3.37
2020-10-30,3.4
2020-11-02,3.38
2020-11-03,3.39
2020-11-04,3.27
2020-11-05,3.22
2020-11-06,3.25
2020-11-09,3.34
2020-11-10,3.33
2020-11-11,.
2020-11-12,3.24
2020-11-13,3.24
2020-11-16,3.24
2020-11-17,3.2
2020-11-18,3.18
2020-11-19,3.13
2020-11-20,3.1
2020-11-23,3.11
2020-11-24,3.11
2020-11-25,3.12
2020-11-26,.
2020-11-27,3.08
2020-11-30,3.04
2020-12-01,3.11
2020-12-02,3.1
2020-12-03,3.06
2020-12-04,3.11
2020-12-07,3.07
2020-12-08,3.05
2020-12-09,3.1
2020-12-10,3.05
2020-12-11,3.04
2020-12-14,3.05
2020-12-15,3.09
2020-12-16,3.08
2020-12-17,3.08
2020-12-18,3.1
2020-12-21,3.09
2020-12-22,3.06
2020-12-23,3.11
2020-12-24,3.08
2020-12-25,.
2020-12-28,3.07
2020-12-29,3.07
2020-12-30,3.04
2020-12-31,3.02
2021-01-01,.
2021-01-04,3.03
2021-01-05,3.1
2021-01-06,3.22
2021-01-07,3.22
2021-01-08,3.23
2021-01-11,3.21
2021-01-12,3.22
2021-01-13,3.14
2021-01-14,3.18
2021-01-15,3.15
2021-01-18,.
2021-01-19,3.12
2021-01-20,3.12
2021-01-21,3.16
2021-01-22,3.16
2021-01-25,3.12
2021-01-26,3.13
2021-01-27,3.12
2021-01-28,3.17
2021-01-29,3.21
2021-02-01,3.2
2021-02-02,3.22
2021-02-03,3.24
2021-02-04,3.26
2021-02-05,3.29
2021-02-08,3.26
2021-02-09,3.25
2021-02-10,3.23
2021-02-11,3.26
2021-02-12,3.31
2021-02-15,.
2021-02-16,3.37
2021-02-17,3.34
2021-02-18,3.35
2021-02-19,3.41
2021-02-22,3.46
2021-02-23,3.5
2021-02-24,3.53
2021-02-25,3.59
2021-02-26,3.49
2021-03-01,3.51
2021-03-02,3.5
2021-03-03,3.54
2021-03-04,3.6
2021-03-05,3.62
2021-03-08,3.66
2021-03-09,3.64
2021-03-10,3.63
2021-03-11,3.65
2021-03-12,3.76
2021-03-15,3.73
2021-03-16,3.74
2021-03-17,3.79
2021-03-18,3.81
2021-03-19,3.77
2021-03-22,3.7
2021-03-23,3.67
2021-03-24,3.65
2021-03-25,3.67
2021-03-26,3.69
2021-03-29,3.74
2021-03-30,3.7
2021-03-31,3.71
2021-04-01,3.6
2021-04-02,.
2021-04-05,3.59
2021-04-06,3.55
2021-04-07,3.57
2021-04-08,3.55
2021-04-09,3.56
2021-04-12,3.57
2021-04-13,3.54
2021-04-14,3.55
2021-04-15,3.44
2021-04-16,3.49
2021-04-19,3.53
2021-04-20,3.51
2021-04-21,3.51
2021-04-22,3.49
2021-04-23,3.5
2021-04-26,3.49
2021-04-27,3.53
2021-04-28,3.54
2021-04-29,3.56
2021-04-30,3.56
2021-05-03,3.53
2021-05-04,3.52
2021-05-05,3.51
2021-05-06,3.48
2021-05-07,3.51
2021-05-10,3.55
2021-05-11,3.59
2021-05-12,3.65
2021-05-13,3.64
2021-05-14,3.6
2021-05-17,3.6
2021-05-18,3.61
2021-05-19,3.64
2021-05-20,3.59
2021-05-21,3.58
2021-05-24,3.55
2021-05-25,3.51
2021-05-26,3.5
2021-05-27,3.53
2021-05-28,3.52
2021-05-31,.
2021-06-01,3.53
2021-06-02,3.51
2021-06-03,3.53
2021-06-04,3.48
2021-06-07,3.49
2021-06-08,3.45
2021-06-09,3.4
2021-06-10,3.39
2021-06-11,3.38
2021-06-14,3.41
2021-06-15,3.41
2021-06-16,3.42
2021-06-17,3.26
2021-06-18,3.2
2021-06-21,3.28
2021-06-22,3.28
2021-06-23,3.29
2021-06-24,3.27
2021-06-25,3.34
2021-06-28,3.27
2021-06-29,3.26
2021-06-30,3.24
2021-07-01,3.24
2021-07-02,3.21
2021-07-05,.
2021-07-06,3.17
2021-07-07,3.12
2021-07-08,3.11
2021-07-09,3.18
2021-07-12,3.19
2021-07-13,3.23
2021-07-14,3.18
2021-07-15,3.13
2021-07-16,3.14
2021-07-19,3.06
2021-07-20,3.11
2021-07-21,3.16
2021-07-22,3.12
2021-07-23,3.13
2021-07-26,3.13
2021-07-27,3.1
2021-07-28,3.12
2021-07-29,3.12
2021-07-30,3.12
2021-08-02,3.05
2021-08-03,3.06
2021-08-04,3.05
2021-08-05,3.08
2021-08-06,3.15
2021-08-09,3.18
2021-08-10,3.21
2021-08-11,3.24
2021-08-12,3.25
2021-08-13,3.17
2021-08-16,3.13
2021-08-17,3.14
2021-08-18,3.15
2021-08-19,3.13
2021-08-20,3.13
2021-08-23,3.13
2021-08-24,3.15
2021-08-25,3.19
2021-08-26,3.17
2021-08-27,3.15
2021-08-30,3.13
2021-08-31,3.18
2021-09-01,3.15
2021-09-02,3.13
2021-09-03,3.16
2021-09-06,.
2021-09-07,3.21
2021-09-08,3.18
2021-09-09,3.12
2021-09-10,3.15
2021-09-13,3.12
2021-09-14,3.07
2021-09-15,3.08
2021-09-16,3.1
2021-09-17,3.12
2021-09-20,3.07
2021-09-21,3.08
2021-09-22,3.07
2021-09-23,3.14
2021-09-24,3.19
2021-09-27,3.18
2021-09-28,3.26
2021-09-29,3.28
2021-09-30,3.31
2021-10-01,3.25
2021-10-04,3.26
2021-10-05,3.3
2021-10-06,3.29
2021-10-07,3.35
2021-10-08,3.37
2021-10-11,.
2021-10-12,3.33
2021-10-13,3.27
2021-10-14,3.25
2021-10-15,3.27
2021-10-18,3.23
2021-10-19,3.29
2021-10-20,3.32
2021-10-21,3.34
2021-10-22,3.3
2021-10-25,3.29
2021-10-26,3.26
2021-10-27,3.15
2021-10-28,3.18
2021-10-29,3.17
2021-11-01,3.19
2021-11-02,3.19
2021-11-03,3.22
2021-11-04,3.18
2021-11-05,3.1
2021-11-08,3.1
2021-11-09,3.05
2021-11-10,3.14
2021-11-11,.
2021-11-12,3.19
2021-11-15,3.25
2021-11-16,3.27
2021-11-17,3.26
2021-11-18,3.24
2021-11-19,3.19
2021-11-22,3.26
2021-11-23,3.32
2021-11-24,3.28
2021-11-25,.
2021-11-26,3.22
2021-11-29,3.25
2021-11-30,3.17
2021-12-01,3.16
2021-12-02,3.16
2021-12-03,3.08
2021-12-06,3.14
2021-12-07,3.15
2021-12-08,3.23
2021-12-09,3.22
2021-12-10,3.23
2021-12-13,3.16
2021-12-14,3.18
2021-12-15,3.22
2021-12-16,3.23
2021-12-17,3.2
2021-12-20,3.24
2021-12-21,3.28
2021-12-22,3.24
2021-12-23,3.28
2021-12-24,.
2021-12-27,3.26
2021-12-28,3.27
2021-12-29,3.32
2021-12-30,3.29
2021-12-31,.
2022-01-03,3.37
2022-01-04,3.42
2022-01-05,3.43
2022-01-06,3.43
2022-01-07,3.46
2022-01-10,3.46
2022-01-11,3.43
2022-01-12,3.43
2022-01-13,3.42
2022-01-14,3.49
2022-01-17,.
2022-01-18,3.57
2022-01-19,3.52
2022-01-20,3.54
2022-01-21,3.51
2022-01-24,3.56
2022-01-25,3.61
2022-01-26,3.61
2022-01-27,3.59
2022-01-28,3.61
2022-01-31,3.64
2022-02-01,3.65
2022-02-02,3.61
2022-02-03,3.66
2022-02-04,3.77
2022-02-07,3.77
2022-02-08,3.79
2022-02-09,3.78
2022-02-10,3.86
2022-02-11,3.84
2022-02-14,3.9
2022-02-15,3.96
2022-02-16,4.0
2022-02-17,4.01
2022-02-18,3.97
2022-02-21,.
2022-02-22,3.99
2022-02-23,4.01
2022-02-24,4.12
2022-02-25,4.09
2022-02-28,4.09
2022-03-01,3.89
2022-03-02,4.02
2022-03-03,4.02
2022-03-04,3.97
2022-03-07,4.02
2022-03-08,4.13
2022-03-09,4.18
2022-03-10,4.28
2022-03-11,4.27
2022-03-14,4.39
2022-03-15,4.43
2022-03-16,4.34
2022-03-17,4.04
2022-03-18,3.95
2022-03-21,4.06
2022-03-22,4.1
2022-03-23,4.02
2022-03-24,4.02
2022-03-25,4.11
2022-03-28,4.07
2022-03-29,3.99
2022-03-30,3.95
2022-03-31,3.92
2022-04-01,3.87
2022-04-04,3.9
2022-04-05,3.98
2022-04-06,4.05
2022-04-07,4.11
2022-04-08,4.17
2022-04-11,4.28
2022-04-12,4.31
2022-04-13,4.31
2022-04-14,4.43
2022-04-15,.
2022-04-18,4.46
2022-04-19,4.51
2022-04-20,4.43
2022-04-21,4.5
2022-04-22,4.53
2022-04-25,4.51
2022-04-26,4.5
2022-04-27,4.54
2022-04-28,4.58
2022-04-29,4.61
2022-05-02,4.74
2022-05-03,4.69
2022-05-04,4.68
2022-05-05,4.32
2022-05-06,4.38
2022-05-09,4.39
2022-05-10,4.32
2022-05-11,4.25
2022-05-12,4.21
2022-05-13,4.34
2022-05-16,4.34
2022-05-17,4.42
2022-05-18,4.37
2022-05-19,4.38
2022-05-20,4.31
2022-05-23,4.36
2022-05-24,4.27
2022-05-25,4.21
2022-05-26,4.17
2022-05-27,4.17
2022-05-30,.
2022-05-31,4.2
2022-06-01,4.19
2022-06-02,4.19
2022-06-03,4.22
2022-06-06,4.29
2022-06-07,4.22
2022-06-08,4.27
2022-06-09,4.28
2022-06-10,4.36
2022-06-13,4.58
2022-06-14,4.65
2022-06-15,4.6
2022-06-16,3.83
2022-06-17,3.8
2022-06-20,.
2022-06-21,3.86
2022-06-22,3.75
2022-06-23,3.71
2022-06-24,3.77
2022-06-27,3.81
2022-06-28,3.84
2022-06-29,3.76
2022-06-30,3.71
2022-07-01,3.72
2022-07-04,.
2022-07-05,3.65
2022-07-06,3.74
2022-07-07,3.76
2022-07-08,3.82
2022-07-11,3.73
2022-07-12,3.69
2022-07-13,3.65
2022-07-14,3.69
2022-07-15,3.65
2022-07-18,3.66
2022-07-19,3.69
2022-07-20,3.66
2022-07-21,3.56
2022-07-22,3.47
2022-07-25,3.54
2022-07-26,3.52
2022-07-27,3.5
2022-07-28,2.77
2022-07-29,2.71
2022-08-01,2.65
2022-08-02,2.71
2022-08-03,2.69
2022-08-04,2.67
2022-08-05,2.79
2022-08-08,2.7
2022-08-09,2.73
2022-08-10,2.74
2022-08-11,2.83
2022-08-12,2.78
2022-08-15,2.73
2022-08-16,2.76
2022-08-17,2.8
2022-08-18,2.79
2022-08-19,2.9
2022-08-22,2.94
2022-08-23,2.96
2022-08-24,3.01
2022-08-25,2.91
2022-08-26,2.9
2022-08-29,2.98
2022-08-30,2.95
2022-08-31,3.0
2022-09-01,3.15
2022-09-02,3.11
2022-09-05,.
2022-09-06,3.27
2022-09-07,3.18
2022-09-08,3.21
2022-09-09,3.2
2022-09-12,3.24
2022-09-13,3.27
2022-09-14,3.23
2022-09-15,3.24
2022-09-16,3.3
2022-09-19,3.31
2022-09-20,3.37
2022-09-21,3.3
2022-09-22,2.7
2022-09-23,2.7
2022-09-26,2.81
2022-09-27,2.97
2022-09-28,2.89
2022-09-29,2.95
2022-09-30,2.99
2022-10-03,2.88
2022-10-04,2.81
2022-10-05,2.9
2022-10-06,2.91
2022-10-07,2.98
2022-10-10,.
2022-10-11,3.08
2022-10-12,3.1
2022-10-13,3.17
2022-10-14,3.2
2022-10-17,3.22
2022-10-18,3.21
2022-10-19,3.31
2022-10-20,3.4
2022-10-21,3.49
2022-10-24,3.51
2022-10-25,3.39
2022-10-26,3.29
2022-10-27,3.22
2022-10-28,3.24
2022-10-31,3.3
2022-11-01,3.21
2022-11-02,3.2
2022-11-03,2.5
2022-11-04,2.56
2022-11-07,2.61
2022-11-08,2.54
2022-11-09,2.62
2022-11-10,2.35
2022-11-11,.
2022-11-14,2.32
2022-11-15,2.2
2022-11-16,2.08
2022-11-17,2.12
2022-11-18,2.12
2022-11-21,2.08
2022-11-22,2.0
2022-11-23,1.9
2022-11-24,.
2022-11-25,1.91
2022-11-28,1.91
2022-11-29,1.98
2022-11-30,2.0
2022-12-01,1.79
2022-12-02,1.71
2022-12-05,1.76
2022-12-06,1.65
2022-12-07,1.54
2022-12-08,1.56
2022-12-09,1.64
2022-12-12,1.66
2022-12-13,1.59
2022-12-14,1.61
2022-12-15,1.08
2022-12-16,1.13
2022-12-19,1.22
2022-12-20,1.35
2022-12-21,1.36
2022-12-22,1.33
2022-12-23,1.42
2022-12-26,.
2022-12-27,1.53
2022-12-28,1.56
2022-12-29,1.51
2022-12-30,1.54
2023-01-02,.
2023-01-03,1.49
2023-01-04,1.43
2023-01-05,1.41
2023-01-06,1.29
2023-01-09,1.22
2023-01-10,1.3
2023-01-11,1.2
2023-01-12,1.07
2023-01-13,1.11
2023-01-16,.
2023-01-17,1.11
2023-01-18,1.0
2023-01-19,1.05
2023-01-20,1.13
2023-01-23,1.15
2023-01-24,1.07
2023-01-25,1.09
2023-01-26,1.07
2023-01-27,1.07
2023-01-30,1.09
2023-01-31,1.09
2023-02-01,0.97
2023-02-02,0.7
2023-02-03,0.78
2023-02-06,0.82
2023-02-07,0.87
2023-02-08,0.88
2023-02-09,0.94
2023-02-10,1.01
2023-02-13,0.98
2023-02-14,1.0
2023-02-15,1.05
2023-02-16,1.12
2023-02-17,1.13
2023-02-20,.
2023-02-21,1.24
2023-02-22,1.2
2023-02-23,1.16
2023-02-24,1.23
2023-02-27,1.22
2023-02-28,1.25
2023-03-01,1.27
2023-03-02,1.33
2023-03-03,1.19
2023-03-06,1.2
2023-03-07,1.19
2023-03-08,1.2
2023-03-09,1.21
2023-03-10,1.09
2023-03-13,1.11
2023-03-14,1.17
2023-03-15,1.15
2023-03-16,1.14
2023-03-17,1.02
2023-03-20,1.08
2023-03-21,1.12
2023-03-22,1.06
2023-03-23,0.81
2023-03-24,0.79
2023-03-27,0.89
2023-03-28,0.91
2023-03-29,0.89
2023-03-30,0.83
2023-03-31,0.76
2023-04-03,0.71
2023-04-04,0.62
2023-04-05,0.61
2023-04-06,0.58
2023-04-07,.
2023-04-10,0.67
2023-04-11,0.65
2023-04-12,0.66
2023-04-13,0.69
2023-04-14,0.74
2023-04-17,0.79
2023-04-18,0.76
2023-04-19,0.78
2023-04-20,0.76
2023-04-21,0.78
2023-04-24,0.73
2023-04-25,0.66
2023-04-26,0.71
2023-04-27,0.77
2023-04-28,0.69
2023-05-01,0.82
2023-05-02,0.77
2023-05-03,0.75
2023-05-04,0.53
2023-05-05,0.56
2023-05-08,0.64
2023-05-09,0.66
2023-05-10,0.61
2023-05-11,0.56
2023-05-12,0.59
2023-05-15,0.69
2023-05-16,0.74
2023-05-17,0.75
2023-05-18,0.77
2023-05-19,0.8
2023-05-22,0.83
2023-05-23,0.81
2023-05-24,0.83
2023-05-25,0.85
2023-05-26,0.82
2023-05-29,.
2023-05-30,0.75
2023-05-31,0.72
2023-06-01,0.68
2023-06-02,0.72
2023-06-05,0.71
2023-06-06,0.7
2023-06-07,0.77
2023-06-08,0.72
2023-06-09,0.72
2023-06-12,0.75
2023-06-13,0.76
2023-06-14,0.69
2023-06-15,0.67
2023-06-16,0.65
2023-06-19,.
2023-06-20,0.62
2023-06-21,0.61
2023-06-22,0.67
2023-06-23,0.63
2023-06-26,0.63
2023-06-27,0.64
2023-06-28,0.6
2023-06-29,0.7
2023-06-30,0.61
2023-07-03,0.63
2023-07-04,.
2023-07-05,0.7
2023-07-06,0.77
2023-07-07,0.79
2023-07-10,0.8
2023-07-11,0.75
2023-07-12,0.66
2023-07-13,0.59
2023-07-14,0.62
2023-07-17,0.63
2023-07-18,0.61
2023-07-19,0.54
2023-07-20,0.62
2023-07-21,0.61
2023-07-24,0.62
2023-07-25,0.64
2023-07-26,0.61
2023-07-27,0.46
2023-07-28,0.43
2023-07-31,0.41
2023-08-01,0.49
2023-08-02,0.57
2023-08-03,0.71
2023-08-04,0.62
2023-08-07,0.66
2023-08-08,0.62
2023-08-09,0.59
2023-08-10,0.65
2023-08-11,0.7
2023-08-14,0.7
2023-08-15,0.74
2023-08-16,0.79
2023-08-17,0.84
2023-08-18,0.82
2023-08-21,0.89
2023-08-22,0.83
2023-08-23,0.69
2023-08-24,0.7
2023-08-25,0.68
2023-08-28,0.69
2023-08-29,0.63
2023-08-30,0.61
2023-08-31,0.59
