Date,DXY
2013-08-01,82.33999633789062
2013-08-02,81.91000366210938
2013-08-05,81.87999725341797
2013-08-06,81.5999984741211
2013-08-07,81.29000091552734
2013-08-08,81.01000213623047
2013-08-09,81.12999725341797
2013-08-12,81.33000183105469
2013-08-13,81.7300033569336
2013-08-14,81.69999694824219
2013-08-15,81.12999725341797
2013-08-16,81.26000213623047
2013-08-19,81.2300033569336
2013-08-20,80.91000366210938
2013-08-21,81.31999969482422
2013-08-22,81.48999786376953
2013-08-23,81.33999633789062
2013-08-26,81.37000274658203
2013-08-27,81.16999816894531
2013-08-28,81.41999816894531
2013-08-29,81.94999694824219
2013-08-30,82.08999633789062
2013-09-03,82.36000061035156
2013-09-04,82.16999816894531
2013-09-05,82.62999725341797
2013-09-06,82.1500015258789
2013-09-09,81.79000091552734
2013-09-10,81.81999969482422
2013-09-11,81.5199966430664
2013-09-12,81.48999786376953
2013-09-13,81.44999694824219
2013-09-16,81.25
2013-09-17,81.16999816894531
2013-09-18,80.23999786376953
2013-09-19,80.36000061035156
2013-09-20,80.44000244140625
2013-09-23,80.44999694824219
2013-09-24,80.55999755859375
2013-09-25,80.33000183105469
2013-09-26,80.5199966430664
2013-09-27,80.2699966430664
2013-09-30,80.22000122070312
2013-10-01,80.0999984741211
2013-10-02,79.87999725341797
2013-10-03,79.7699966430664
2013-10-04,80.12000274658203
2013-10-07,79.94000244140625
2013-10-08,80.05999755859375
2013-10-09,80.37000274658203
2013-10-10,80.41999816894531
2013-10-11,80.36000061035156
2013-10-14,80.26000213623047
2013-10-15,80.4800033569336
2013-10-16,80.5
2013-10-17,79.6500015258789
2013-10-18,79.63999938964844
2013-10-21,79.68000030517578
2013-10-22,79.23999786376953
2013-10-23,79.26000213623047
2013-10-24,79.19000244140625
2013-10-25,79.18000030517578
2013-10-28,79.25
2013-10-29,79.62999725341797
2013-10-30,79.75
2013-10-31,80.19999694824219
2013-11-01,80.7300033569336
2013-11-04,80.55000305175781
2013-11-05,80.70999908447266
2013-11-06,80.4800033569336
2013-11-07,80.81999969482422
2013-11-08,81.20999908447266
2013-11-11,81.08999633789062
2013-11-12,81.19000244140625
2013-11-13,80.93000030517578
2013-11-14,80.9800033569336
2013-11-15,80.83999633789062
2013-11-18,80.83000183105469
2013-11-19,80.69999694824219
2013-11-20,81.11000061035156
2013-11-21,81.05000305175781
2013-11-22,80.70999908447266
2013-11-25,80.91999816894531
2013-11-26,80.61000061035156
2013-11-27,80.73999786376953
2013-11-29,80.68000030517578
2013-12-02,80.91000366210938
2013-12-03,80.62000274658203
2013-12-04,80.62999725341797
2013-12-05,80.2699966430664
2013-12-06,80.2699966430664
2013-12-09,80.12999725341797
2013-12-10,79.97000122070312
2013-12-11,79.88999938964844
2013-12-12,80.19999694824219
2013-12-13,80.20999908447266
2013-12-16,80.06999969482422
2013-12-17,80.05999755859375
2013-12-18,80.11000061035156
2013-12-19,80.62999725341797
2013-12-20,80.58000183105469
2013-12-23,80.44999694824219
2013-12-24,80.52999877929688
2013-12-26,80.4800033569336
2013-12-27,80.38999938964844
2013-12-30,80.0
2013-12-31,80.04000091552734
2014-01-02,80.62999725341797
2014-01-03,80.79000091552734
2014-01-06,80.6500015258789
2014-01-07,80.83000183105469
2014-01-08,81.04000091552734
2014-01-09,81.01000213623047
2014-01-10,80.66000366210938
2014-01-13,80.51000213623047
2014-01-14,80.61000061035156
2014-01-15,81.0
2014-01-16,80.9000015258789
2014-01-17,81.26000213623047
2014-01-21,81.0999984741211
2014-01-22,81.16999816894531
2014-01-23,80.44000244140625
2014-01-24,80.45999908447266
2014-01-27,80.5
2014-01-28,80.56999969482422
2014-01-29,80.51000213623047
2014-01-30,81.08999633789062
2014-01-31,81.2699966430664
2014-02-03,81.01000213623047
2014-02-04,81.12000274658203
2014-02-05,81.02999877929688
2014-02-06,80.88999938964844
2014-02-07,80.69000244140625
2014-02-10,80.66999816894531
2014-02-11,80.62999725341797
2014-02-12,80.68000030517578
2014-02-13,80.29000091552734
2014-02-14,80.12999725341797
2014-02-18,80.01000213623047
2014-02-19,80.16999816894531
2014-02-20,80.29000091552734
2014-02-21,80.23999786376953
2014-02-24,80.20999908447266
2014-02-25,80.1500015258789
2014-02-26,80.41000366210938
2014-02-27,80.29000091552734
2014-02-28,79.77999877929688
2014-03-03,80.06999969482422
2014-03-04,80.16000366210938
2014-03-05,80.11000061035156
2014-03-06,79.68000030517578
2014-03-07,79.72000122070312
2014-03-10,79.75
2014-03-11,79.7699966430664
2014-03-12,79.61000061035156
2014-03-13,79.62000274658203
2014-03-14,79.44000244140625
2014-03-17,79.38999938964844
2014-03-18,79.41000366210938
2014-03-19,79.98999786376953
2014-03-20,80.20999908447266
2014-03-21,80.11000061035156
2014-03-24,79.93000030517578
2014-03-25,79.94000244140625
2014-03-26,79.9800033569336
2014-03-27,80.11000061035156
2014-03-28,80.18000030517578
2014-03-31,80.0999984741211
2014-04-01,80.08000183105469
2014-04-02,80.22000122070312
2014-04-03,80.47000122070312
2014-04-04,80.41999816894531
2014-04-07,80.22000122070312
2014-04-08,79.75
2014-04-09,79.4800033569336
2014-04-10,79.37999725341797
2014-04-11,79.44999694824219
2014-04-14,79.7300033569336
2014-04-15,79.80000305175781
2014-04-16,79.81999969482422
2014-04-17,79.83000183105469
2014-04-21,79.94999694824219
2014-04-22,79.91000366210938
2014-04-23,79.86000061035156
2014-04-24,79.80000305175781
2014-04-25,79.7699966430664
2014-04-28,79.68000030517578
2014-04-29,79.80999755859375
2014-04-30,79.48999786376953
2014-05-01,79.52999877929688
2014-05-02,79.5199966430664
2014-05-05,79.48999786376953
2014-05-06,79.13999938964844
2014-05-07,79.22000122070312
2014-05-08,79.43000030517578
2014-05-09,79.9000015258789
2014-05-12,79.9000015258789
2014-05-13,80.13999938964844
2014-05-14,80.06999969482422
2014-05-15,80.0
2014-05-16,80.04000091552734
2014-05-19,79.98999786376953
2014-05-20,80.04000091552734
2014-05-21,80.0999984741211
2014-05-22,80.25
2014-05-23,80.38999938964844
2014-05-27,80.3499984741211
2014-05-28,80.56999969482422
2014-05-29,80.48999786376953
2014-05-30,80.37000274658203
2014-06-02,80.63999938964844
2014-06-03,80.55000305175781
2014-06-04,80.66999816894531
2014-06-05,80.37000274658203
2014-06-06,80.41000366210938
2014-06-09,80.6500015258789
2014-06-10,80.81999969482422
2014-06-11,80.79000091552734
2014-06-12,80.58000183105469
2014-06-13,80.58000183105469
2014-06-16,80.47000122070312
2014-06-17,80.62999725341797
2014-06-18,80.58000183105469
2014-06-19,80.31999969482422
2014-06-20,80.37000274658203
2014-06-23,80.26000213623047
2014-06-24,80.33000183105469
2014-06-25,80.22000122070312
2014-06-26,80.2300033569336
2014-06-27,80.04000091552734
2014-06-30,79.77999877929688
2014-07-01,79.81999969482422
2014-07-02,79.95999908447266
2014-07-03,80.20999908447266
2014-07-07,80.22000122070312
2014-07-08,80.18000030517578
2014-07-09,79.98999786376953
2014-07-10,80.12999725341797
2014-07-11,80.19000244140625
2014-07-14,80.19000244140625
2014-07-15,80.38999938964844
2014-07-16,80.55999755859375
2014-07-17,80.5199966430664
2014-07-18,80.5199966430664
2014-07-21,80.55999755859375
2014-07-22,80.77999877929688
2014-07-23,80.80999755859375
2014-07-24,80.87000274658203
2014-07-25,81.02999877929688
2014-07-28,81.02999877929688
2014-07-29,81.20999908447266
2014-07-30,81.41999816894531
2014-07-31,81.45999908447266
2014-08-01,81.30000305175781
2014-08-04,81.33000183105469
2014-08-05,81.5199966430664
2014-08-06,81.44000244140625
2014-08-07,81.5199966430664
2014-08-08,81.38999938964844
2014-08-11,81.47000122070312
2014-08-12,81.5
2014-08-13,81.5999984741211
2014-08-14,81.58999633789062
2014-08-15,81.41999816894531
2014-08-18,81.58000183105469
2014-08-19,81.87999725341797
2014-08-20,82.25
2014-08-21,82.1500015258789
2014-08-22,82.33999633789062
2014-08-25,82.55000305175781
2014-08-26,82.6500015258789
2014-08-27,82.43000030517578
2014-08-28,82.4800033569336
2014-08-29,82.75
2014-09-02,82.98999786376953
2014-09-03,82.87000274658203
2014-09-04,83.81999969482422
2014-09-05,83.76000213623047
2014-09-08,84.2300033569336
2014-09-09,84.27999877929688
2014-09-10,84.25
2014-09-11,84.30000305175781
2014-09-12,84.23999786376953
2014-09-15,84.26000213623047
2014-09-16,84.06999969482422
2014-09-17,84.69999694824219
2014-09-18,84.31999969482422
2014-09-19,84.80000305175781
2014-09-22,84.66999816894531
2014-09-23,84.66000366210938
2014-09-24,85.05000305175781
2014-09-25,85.19999694824219
2014-09-26,85.63999938964844
2014-09-29,85.58999633789062
2014-09-30,85.94000244140625
2014-10-01,85.97000122070312
2014-10-02,85.5999984741211
2014-10-03,86.69000244140625
2014-10-06,85.70999908447266
2014-10-07,85.66999816894531
2014-10-08,85.30000305175781
2014-10-09,85.5199966430664
2014-10-10,85.91000366210938
2014-10-13,85.43000030517578
2014-10-14,85.81999969482422
2014-10-15,85.1500015258789
2014-10-16,85.0
2014-10-17,85.19000244140625
2014-10-20,84.94999694824219
2014-10-21,85.30999755859375
2014-10-22,85.73999786376953
2014-10-23,85.83999633789062
2014-10-24,85.7300033569336
2014-10-27,85.5
2014-10-28,85.41000366210938
2014-10-29,85.94999694824219
2014-10-30,86.1500015258789
2014-10-31,86.87999725341797
2014-11-03,87.30999755859375
2014-11-04,86.9800033569336
2014-11-05,87.44000244140625
2014-11-06,88.01000213623047
2014-11-07,87.63999938964844
2014-11-10,87.80999755859375
2014-11-11,87.52999877929688
2014-11-12,87.81999969482422
2014-11-13,87.66999816894531
2014-11-14,87.52999877929688
2014-11-17,87.93000030517578
2014-11-18,87.58000183105469
2014-11-19,87.6500015258789
2014-11-20,87.58999633789062
2014-11-21,88.30999755859375
2014-11-24,88.1500015258789
2014-11-25,87.91999816894531
2014-11-26,87.61000061035156
2014-11-28,88.36000061035156
2014-12-01,87.94999694824219
2014-12-02,88.6500015258789
2014-12-03,88.95999908447266
2014-12-04,88.69999694824219
2014-12-05,89.33000183105469
2014-12-08,89.04000091552734
2014-12-09,88.69000244140625
2014-12-10,88.2699966430664
2014-12-11,88.66000366210938
2014-12-12,88.36000061035156
2014-12-15,88.45999908447266
2014-12-16,88.12999725341797
2014-12-17,89.12999725341797
2014-12-18,89.23999786376953
2014-12-19,89.5999984741211
2014-12-22,89.7699966430664
2014-12-23,90.05999755859375
2014-12-24,89.97000122070312
2014-12-26,90.02999877929688
2014-12-29,90.19000244140624
2014-12-30,89.98999786376953
2014-12-31,90.2699966430664
2015-01-02,91.08000183105467
2015-01-05,91.37999725341795
2015-01-06,91.5
2015-01-07,91.88999938964844
2015-01-08,92.37000274658205
2015-01-09,91.94000244140624
2015-01-12,91.9800033569336
2015-01-13,92.30999755859376
2015-01-14,92.16000366210938
2015-01-15,92.3499984741211
2015-01-16,92.5199966430664
2015-01-20,93.0500030517578
2015-01-21,92.9000015258789
2015-01-22,94.23999786376952
2015-01-23,95.0
2015-01-26,94.8000030517578
2015-01-27,94.0199966430664
2015-01-28,94.47000122070312
2015-01-29,94.77999877929688
2015-01-30,94.8000030517578
2015-02-02,94.5
2015-02-03,93.5999984741211
2015-02-04,93.98999786376952
2015-02-05,94.6999969482422
2015-02-06,94.6999969482422
2015-02-09,94.4499969482422
2015-02-10,94.76000213623048
2015-02-11,94.98999786376952
2015-02-12,94.08999633789062
2015-02-13,94.1999969482422
2015-02-17,94.05999755859376
2015-02-18,94.1999969482422
2015-02-19,94.4000015258789
2015-02-20,94.25
2015-02-23,94.56999969482422
2015-02-24,94.48999786376952
2015-02-25,94.20999908447266
2015-02-26,95.29000091552734
2015-02-27,95.25
2015-03-02,95.45999908447266
2015-03-03,95.37999725341795
2015-03-04,95.97000122070312
2015-03-05,96.37999725341795
2015-03-06,97.62000274658205
2015-03-09,97.58999633789062
2015-03-10,98.62000274658205
2015-03-11,99.8000030517578
2015-03-12,99.1500015258789
2015-03-13,100.33000183105467
2015-03-16,99.5999984741211
2015-03-17,99.58999633789062
2015-03-18,98.5500030517578
2015-03-19,99.0999984741211
2015-03-20,97.91000366210938
2015-03-23,97.02999877929688
2015-03-24,97.19000244140624
2015-03-25,96.9800033569336
2015-03-26,97.44000244140624
2015-03-27,97.29000091552734
2015-03-30,97.9800033569336
2015-03-31,98.36000061035156
2015-04-01,98.19000244140624
2015-04-02,97.44000244140624
2015-04-06,97.11000061035156
2015-04-07,97.83000183105467
2015-04-08,98.06999969482422
2015-04-09,99.16000366210938
2015-04-10,99.38999938964844
2015-04-13,99.48999786376952
2015-04-14,98.76000213623048
2015-04-15,98.33000183105467
2015-04-16,97.41999816894533
2015-04-17,97.5199966430664
2015-04-20,97.94000244140624
2015-04-21,97.9800033569336
2015-04-22,98.0199966430664
2015-04-23,97.27999877929688
2015-04-24,96.91999816894533
2015-04-27,96.7699966430664
2015-04-28,96.08999633789062
2015-04-29,95.12000274658205
2015-04-30,94.5999984741211
2015-05-01,95.3000030517578
2015-05-04,95.4800033569336
2015-05-05,95.12999725341795
2015-05-06,94.12999725341795
2015-05-07,94.62000274658205
2015-05-08,94.79000091552734
2015-05-11,95.01000213623048
2015-05-12,94.52999877929688
2015-05-13,93.62000274658205
2015-05-14,93.36000061035156
2015-05-15,93.13999938964844
2015-05-18,94.19000244140624
2015-05-19,95.2699966430664
2015-05-20,95.4499969482422
2015-05-21,95.26000213623048
2015-05-22,96.01000213623048
2015-05-26,97.3000030517578
2015-05-27,97.37000274658205
2015-05-28,96.97000122070312
2015-05-29,96.91000366210938
2015-06-01,97.38999938964844
2015-06-02,95.83999633789062
2015-06-03,95.47000122070312
2015-06-04,95.45999908447266
2015-06-05,96.30999755859376
2015-06-08,95.3000030517578
2015-06-09,95.16999816894533
2015-06-10,94.6500015258789
2015-06-11,94.9800033569336
2015-06-12,94.97000122070312
2015-06-15,94.80999755859376
2015-06-16,95.0
2015-06-17,94.3000030517578
2015-06-18,94.04000091552734
2015-06-19,94.08999633789062
2015-06-22,94.33000183105467
2015-06-23,95.43000030517578
2015-06-24,95.26000213623048
2015-06-25,95.19000244140624
2015-06-26,95.47000122070312
2015-06-29,94.79000091552734
2015-06-30,95.48999786376952
2015-07-01,96.30999755859376
2015-07-02,96.11000061035156
2015-07-06,96.3000030517578
2015-07-07,96.87000274658205
2015-07-08,96.29000091552734
2015-07-09,96.61000061035156
2015-07-10,96.02999877929688
2015-07-13,96.86000061035156
2015-07-14,96.63999938964844
2015-07-15,97.12999725341795
2015-07-16,97.66000366210938
2015-07-17,97.86000061035156
2015-07-20,98.02999877929688
2015-07-21,97.33000183105467
2015-07-22,97.5999984741211
2015-07-23,97.12000274658205
2015-07-24,97.23999786376952
2015-07-27,96.5
2015-07-28,96.7699966430664
2015-07-29,96.9800033569336
2015-07-30,97.55999755859376
2015-07-31,97.37000274658205
2015-08-03,97.48999786376952
2015-08-04,97.93000030517578
2015-08-05,97.95999908447266
2015-08-06,97.83000183105467
2015-08-07,97.55999755859376
2015-08-10,97.16000366210938
2015-08-11,97.29000091552734
2015-08-12,96.26000213623048
2015-08-13,96.4499969482422
2015-08-14,96.56999969482422
2015-08-17,96.81999969482422
2015-08-18,96.97000122070312
2015-08-19,96.45999908447266
2015-08-20,95.75
2015-08-21,94.83000183105467
2015-08-24,93.30999755859376
2015-08-25,94.52999877929688
2015-08-26,95.0999984741211
2015-08-27,95.61000061035156
2015-08-28,96.11000061035156
2015-08-31,95.9499969482422
2015-09-01,95.4499969482422
2015-09-02,95.83000183105467
2015-09-03,96.41000366210938
2015-09-04,96.2300033569336
2015-09-08,95.87999725341795
2015-09-09,96.01000213623048
2015-09-10,95.45999908447266
2015-09-11,95.19000244140624
2015-09-14,95.25
2015-09-15,95.61000061035156
2015-09-16,95.41999816894533
2015-09-17,94.5500030517578
2015-09-18,94.86000061035156
2015-09-21,95.88999938964844
2015-09-22,96.27999877929688
2015-09-23,96.06999969482422
2015-09-24,95.98999786376952
2015-09-25,96.2699966430664
2015-09-28,96.02999877929688
2015-09-29,95.88999938964844
2015-09-30,96.3499984741211
2015-10-01,96.19000244140624
2015-10-02,95.83000183105467
2015-10-05,96.11000061035156
2015-10-06,95.45999908447266
2015-10-07,95.5
2015-10-08,95.31999969482422
2015-10-09,94.80999755859376
2015-10-12,94.83999633789062
2015-10-13,94.76000213623048
2015-10-14,93.93000030517578
2015-10-15,94.37000274658205
2015-10-16,94.54000091552734
2015-10-19,94.95999908447266
2015-10-20,94.8499984741211
2015-10-21,95.0500030517578
2015-10-22,96.33999633789062
2015-10-23,97.06999969482422
2015-10-26,96.86000061035156
2015-10-27,96.91000366210938
2015-10-28,97.77999877929688
2015-10-29,97.27999877929688
2015-10-30,96.9499969482422
2015-11-02,96.93000030517578
2015-11-03,97.16000366210938
2015-11-04,97.9499969482422
2015-11-05,97.94000244140624
2015-11-06,99.16000366210938
2015-11-09,98.9800033569336
2015-11-10,99.29000091552734
2015-11-11,99.01000213623048
2015-11-12,98.6500015258789
2015-11-13,98.98999786376952
2015-11-16,99.44000244140624
2015-11-17,99.62999725341795
2015-11-18,99.6500015258789
2015-11-19,98.98999786376952
2015-11-20,99.56999969482422
2015-11-23,99.8000030517578
2015-11-24,99.52999877929688
2015-11-25,99.8000030517578
2015-11-27,100.0199966430664
2015-11-30,100.16999816894533
2015-12-01,99.8000030517578
2015-12-02,99.98999786376952
2015-12-03,97.62000274658205
2015-12-04,98.3499984741211
2015-12-07,98.66000366210938
2015-12-08,98.47000122070312
2015-12-09,97.3499984741211
2015-12-10,97.94000244140624
2015-12-11,97.56999969482422
2015-12-14,97.5999984741211
2015-12-15,98.22000122070312
2015-12-16,97.87000274658205
2015-12-17,99.2699966430664
2015-12-18,98.6999969482422
2015-12-21,98.45999908447266
2015-12-22,98.23999786376952
2015-12-23,98.33999633789062
2015-12-24,97.9800033569336
2015-12-28,97.91999816894533
2015-12-29,98.0999984741211
2015-12-30,98.2699966430664
2015-12-31,98.62999725341795
2016-01-04,98.87000274658205
2016-01-05,99.4000015258789
2016-01-06,99.18000030517578
2016-01-07,98.22000122070312
2016-01-08,98.54000091552734
2016-01-11,98.7300033569336
2016-01-12,98.97000122070312
2016-01-13,98.93000030517578
2016-01-14,99.08999633789062
2016-01-15,98.95999908447266
2016-01-18,99.12000274658205
2016-01-19,98.98999786376952
2016-01-20,99.08999633789062
2016-01-21,99.05999755859376
2016-01-22,99.56999969482422
2016-01-25,99.36000061035156
2016-01-26,99.36000061035156
2016-01-27,98.9000015258789
2016-01-28,98.51000213623048
2016-01-29,99.61000061035156
2016-02-01,99.0
2016-02-02,98.87000274658205
2016-02-03,97.29000091552734
2016-02-04,96.47000122070312
2016-02-05,97.02999877929688
2016-02-08,96.56999969482422
2016-02-09,96.06999969482422
2016-02-10,95.88999938964844
2016-02-11,95.55999755859376
2016-02-12,95.9800033569336
2016-02-16,96.87000274658205
2016-02-17,96.79000091552734
2016-02-18,96.9499969482422
2016-02-19,96.5999984741211
2016-02-22,97.37999725341795
2016-02-23,97.4800033569336
2016-02-24,97.45999908447266
2016-02-25,97.29000091552734
2016-02-26,98.1500015258789
2016-02-29,98.20999908447266
2016-03-01,98.3499984741211
2016-03-02,98.20999908447266
2016-03-03,97.56999969482422
2016-03-04,97.33999633789062
2016-03-07,97.06999969482422
2016-03-08,97.20999908447266
2016-03-09,97.16999816894533
2016-03-10,96.06999969482422
2016-03-11,96.16999816894533
2016-03-14,96.62000274658205
2016-03-15,96.62999725341795
2016-03-16,95.88999938964844
2016-03-17,94.76000213623048
2016-03-18,94.98999786376952
2016-03-21,95.29000091552734
2016-03-22,95.6500015258789
2016-03-23,96.0500030517578
2016-03-24,96.13999938964844
2016-03-28,95.94000244140624
2016-03-29,95.16000366210938
2016-03-30,94.83999633789062
2016-03-31,94.58999633789062
2016-04-01,94.62000274658205
2016-04-04,94.51000213623048
2016-04-05,94.62999725341795
2016-04-06,94.43000030517578
2016-04-07,94.4800033569336
2016-04-08,94.23999786376952
2016-04-11,93.9499969482422
2016-04-12,93.95999908447266
2016-04-13,94.73999786376952
2016-04-14,94.9000015258789
2016-04-15,94.6999969482422
2016-04-18,94.48999786376952
2016-04-19,93.9800033569336
2016-04-20,94.48999786376952
2016-04-21,94.5999984741211
2016-04-22,95.12000274658205
2016-04-25,94.83999633789062
2016-04-26,94.56999969482422
2016-04-27,94.38999938964844
2016-04-28,93.76000213623048
2016-04-29,93.08000183105467
2016-05-02,92.62999725341795
2016-05-03,92.94000244140624
2016-05-04,93.18000030517578
2016-05-05,93.77999877929688
2016-05-06,93.88999938964844
2016-05-09,94.1500015258789
2016-05-10,94.29000091552734
2016-05-11,93.81999969482422
2016-05-12,94.13999938964844
2016-05-13,94.61000061035156
2016-05-16,94.56999969482422
2016-05-17,94.5500030517578
2016-05-18,95.08000183105467
2016-05-19,95.29000091552734
2016-05-20,95.30999755859376
2016-05-23,95.2300033569336
2016-05-24,95.56999969482422
2016-05-25,95.3499984741211
2016-05-26,95.16999816894533
2016-05-27,95.5199966430664
2016-05-31,95.88999938964844
2016-06-01,95.45999908447266
2016-06-02,95.55999755859376
2016-06-03,94.02999877929688
2016-06-06,93.9000015258789
2016-06-07,93.83000183105467
2016-06-08,93.58999633789062
2016-06-09,94.0999984741211
2016-06-10,94.5999984741211
2016-06-13,94.37000274658205
2016-06-14,94.93000030517578
2016-06-15,94.61000061035156
2016-06-16,94.56999969482422
2016-06-17,94.20999908447266
2016-06-20,93.61000061035156
2016-06-21,94.0199966430664
2016-06-22,93.72000122070312
2016-06-23,93.52999877929688
2016-06-24,95.4499969482422
2016-06-27,96.54000091552734
2016-06-28,96.25
2016-06-29,95.7699966430664
2016-06-30,96.13999938964844
2016-07-01,95.6500015258789
2016-07-05,96.16999816894533
2016-07-06,96.05999755859376
2016-07-07,96.33000183105467
2016-07-08,96.3000030517578
2016-07-11,96.56999969482422
2016-07-12,96.44000244140624
2016-07-13,96.22000122070312
2016-07-14,96.08000183105467
2016-07-15,96.58000183105467
2016-07-18,96.55999755859376
2016-07-19,97.0500030517578
2016-07-20,97.1999969482422
2016-07-21,97.0
2016-07-22,97.47000122070312
2016-07-25,97.29000091552734
2016-07-26,97.16000366210938
2016-07-27,97.0500030517578
2016-07-28,96.73999786376952
2016-07-29,95.52999877929688
2016-08-01,95.70999908447266
2016-08-02,95.05999755859376
2016-08-03,95.55999755859376
2016-08-04,95.76000213623048
2016-08-05,96.19000244140624
2016-08-08,96.4000015258789
2016-08-09,96.18000030517578
2016-08-10,95.6500015258789
2016-08-11,95.86000061035156
2016-08-12,95.72000122070312
2016-08-15,95.62999725341795
2016-08-16,94.79000091552734
2016-08-17,94.72000122070312
2016-08-18,94.16000366210938
2016-08-19,94.51000213623048
2016-08-22,94.5199966430664
2016-08-23,94.54000091552734
2016-08-24,94.79000091552734
2016-08-25,94.7699966430664
2016-08-26,95.56999969482422
2016-08-29,95.58000183105467
2016-08-30,96.0500030517578
2016-08-31,96.0199966430664
2016-09-01,95.6500015258789
2016-09-02,95.87999725341795
2016-09-06,94.81999969482422
2016-09-07,94.95999908447266
2016-09-08,95.02999877929688
2016-09-09,95.33999633789062
2016-09-12,95.0999984741211
2016-09-13,95.62999725341795
2016-09-14,95.33000183105467
2016-09-15,95.29000091552734
2016-09-16,96.11000061035156
2016-09-19,95.83999633789062
2016-09-20,96.0199966430664
2016-09-21,95.66000366210938
2016-09-22,95.4499969482422
2016-09-23,95.4800033569336
2016-09-26,95.30999755859376
2016-09-27,95.44000244140624
2016-09-28,95.43000030517578
2016-09-29,95.54000091552734
2016-09-30,95.45999908447266
2016-10-03,95.75
2016-10-04,96.12000274658205
2016-10-05,96.12999725341795
2016-10-06,96.66000366210938
2016-10-07,96.5199966430664
2016-10-11,97.6999969482422
2016-10-12,97.97000122070312
2016-10-13,97.5199966430664
2016-10-14,98.0199966430664
2016-10-17,97.88999938964844
2016-10-18,97.9000015258789
2016-10-19,97.87000274658205
2016-10-20,98.31999969482422
2016-10-21,98.6999969482422
2016-10-24,98.66999816894533
2016-10-25,98.72000122070312
2016-10-26,98.62999725341795
2016-10-27,98.88999938964844
2016-10-28,98.3499984741211
2016-10-31,98.4499969482422
2016-11-01,97.6999969482422
2016-11-02,97.4000015258789
2016-11-03,97.16000366210938
2016-11-04,97.06999969482422
2016-11-07,97.77999877929688
2016-11-08,97.86000061035156
2016-11-09,98.5
2016-11-10,98.79000091552734
2016-11-14,100.11000061035156
2016-11-15,100.19000244140624
2016-11-16,100.41000366210938
2016-11-17,100.88999938964844
2016-11-18,101.20999908447266
2016-11-21,101.0500030517578
2016-11-22,101.04000091552734
2016-11-23,101.6999969482422
2016-11-25,101.48999786376952
2016-11-28,101.33000183105467
2016-11-29,100.93000030517578
2016-11-30,101.5
2016-12-01,101.04000091552734
2016-12-02,100.7699966430664
2016-12-05,100.13999938964844
2016-12-06,100.48999786376952
2016-12-07,100.2300033569336
2016-12-08,101.06999969482422
2016-12-09,101.56999969482422
2016-12-12,100.95999908447266
2016-12-13,101.02999877929688
2016-12-14,102.0
2016-12-15,103.12999725341795
2016-12-16,102.9499969482422
2016-12-19,103.13999938964844
2016-12-20,103.29000091552734
2016-12-21,103.0199966430664
2016-12-22,103.08999633789062
2016-12-23,103.01000213623048
2016-12-27,103.0199966430664
2016-12-28,103.26000213623048
2016-12-29,102.68000030517578
2016-12-30,102.38999938964844
2017-01-03,103.20999908447266
2017-01-04,102.6999969482422
2017-01-05,101.5199966430664
2017-01-06,102.22000122070312
2017-01-09,101.93000030517578
2017-01-10,102.01000213623048
2017-01-11,101.77999877929688
2017-01-12,101.3499984741211
2017-01-13,101.18000030517578
2017-01-17,100.33000183105467
2017-01-18,100.93000030517578
2017-01-19,101.1500015258789
2017-01-20,100.73999786376952
2017-01-23,100.16000366210938
2017-01-24,100.3499984741211
2017-01-25,100.02999877929688
2017-01-26,100.37999725341795
2017-01-27,100.52999877929688
2017-01-30,100.43000030517578
2017-01-31,99.51000213623048
2017-02-01,99.63999938964844
2017-02-02,99.8499984741211
2017-02-03,99.87000274658205
2017-02-06,99.91000366210938
2017-02-07,100.26000213623048
2017-02-08,100.27999877929688
2017-02-09,100.6500015258789
2017-02-10,100.8000030517578
2017-02-13,100.95999908447266
2017-02-14,101.25
2017-02-15,101.18000030517578
2017-02-16,100.44000244140624
2017-02-17,100.9499969482422
2017-02-21,101.37000274658205
2017-02-22,101.33000183105467
2017-02-23,101.0500030517578
2017-02-24,101.08999633789062
2017-02-27,101.12999725341795
2017-02-28,101.12000274658205
2017-03-01,101.77999877929688
2017-03-02,102.1999969482422
2017-03-03,101.54000091552734
2017-03-06,101.63999938964844
2017-03-07,101.80999755859376
2017-03-08,102.06999969482422
2017-03-09,101.8499984741211
2017-03-10,101.25
2017-03-13,101.37999725341795
2017-03-14,101.6999969482422
2017-03-15,100.73999786376952
2017-03-16,100.2699966430664
2017-03-17,100.3000030517578
2017-03-20,100.41000366210938
2017-03-21,99.80999755859376
2017-03-22,99.68000030517578
2017-03-23,99.76000213623048
2017-03-24,99.62999725341795
2017-03-27,99.16999816894533
2017-03-28,99.70999908447266
2017-03-29,100.0
2017-03-30,100.41000366210938
2017-03-31,100.3499984741211
2017-04-03,100.54000091552734
2017-04-04,100.54000091552734
2017-04-05,100.55999755859376
2017-04-06,100.66999816894533
2017-04-07,101.18000030517578
2017-04-10,101.0199966430664
2017-04-11,100.70999908447266
2017-04-12,100.77999877929688
2017-04-13,100.55999755859376
2017-04-17,100.3000030517578
2017-04-18,99.5
2017-04-19,99.73999786376952
2017-04-20,99.77999877929688
2017-04-21,99.9800033569336
2017-04-24,99.08999633789062
2017-04-25,98.81999969482422
2017-04-26,98.95999908447266
2017-04-27,99.08000183105467
2017-04-28,99.0500030517578
2017-05-01,99.13999938964844
2017-05-02,98.9800033569336
2017-05-03,99.20999908447266
2017-05-04,98.76000213623048
2017-05-05,98.6500015258789
2017-05-08,99.1500015258789
2017-05-09,99.58999633789062
2017-05-10,99.66999816894533
2017-05-11,99.62000274658205
2017-05-12,99.25
2017-05-15,98.91000366210938
2017-05-16,98.11000061035156
2017-05-17,97.41999816894533
2017-05-18,97.87999725341795
2017-05-19,97.1500015258789
2017-05-22,96.9800033569336
2017-05-23,97.3499984741211
2017-05-24,97.23999786376952
2017-05-25,97.25
2017-05-26,97.4000015258789
2017-05-30,97.27999877929688
2017-05-31,96.91999816894533
2017-06-01,97.1999969482422
2017-06-02,96.72000122070312
2017-06-05,96.8000030517578
2017-06-06,96.63999938964844
2017-06-07,96.75
2017-06-08,96.91999816894533
2017-06-09,97.2699966430664
2017-06-12,97.13999938964844
2017-06-13,96.9800033569336
2017-06-14,96.94000244140624
2017-06-15,97.43000030517578
2017-06-16,97.16000366210938
2017-06-19,97.52999877929688
2017-06-20,97.75
2017-06-21,97.55999755859376
2017-06-22,97.54000091552734
2017-06-23,97.3000030517578
2017-06-26,97.43000030517578
2017-06-27,96.47000122070312
2017-06-28,96.0500030517578
2017-06-29,95.62999725341795
2017-06-30,95.66000366210938
2017-07-03,96.1999969482422
2017-07-05,96.29000091552734
2017-07-06,95.81999969482422
2017-07-07,96.01000213623048
2017-07-10,96.0500030517578
2017-07-11,95.73999786376952
2017-07-12,95.79000091552734
2017-07-13,95.7300033569336
2017-07-14,95.11000061035156
2017-07-17,95.12999725341795
2017-07-18,94.66000366210938
2017-07-19,94.8000030517578
2017-07-20,94.2699966430664
2017-07-21,93.94000244140624
2017-07-24,93.9800033569336
2017-07-25,94.0500030517578
2017-07-26,93.66999816894533
2017-07-27,93.86000061035156
2017-07-28,93.26000213623048
2017-07-31,92.86000061035156
2017-08-01,93.02999877929688
2017-08-02,92.83000183105467
2017-08-03,92.80999755859376
2017-08-04,93.54000091552734
2017-08-07,93.43000030517578
2017-08-08,93.63999938964844
2017-08-09,93.5199966430664
2017-08-10,93.4000015258789
2017-08-11,93.06999969482422
2017-08-14,93.45999908447266
2017-08-15,93.8499984741211
2017-08-16,93.48999786376952
2017-08-17,93.62000274658205
2017-08-18,93.43000030517578
2017-08-21,93.0999984741211
2017-08-22,93.5500030517578
2017-08-23,93.1500015258789
2017-08-24,93.27999877929688
2017-08-25,92.73999786376952
2017-08-28,92.20999908447266
2017-08-29,92.3499984741211
2017-08-30,92.87999725341795
2017-08-31,92.66999816894533
2017-09-01,92.80999755859376
2017-09-05,92.30999755859376
2017-09-06,92.29000091552734
2017-09-07,91.52999877929688
2017-09-08,91.33000183105467
2017-09-11,91.86000061035156
2017-09-12,91.91000366210938
2017-09-13,92.5199966430664
2017-09-14,92.12000274658205
2017-09-15,91.87000274658205
2017-09-18,92.0500030517578
2017-09-19,91.79000091552734
2017-09-20,92.51000213623048
2017-09-21,92.26000213623048
2017-09-22,92.16999816894533
2017-09-25,92.6500015258789
2017-09-26,92.97000122070312
2017-09-27,93.36000061035156
2017-09-28,93.08999633789062
2017-09-29,93.08000183105467
2017-10-02,93.55999755859376
2017-10-03,93.56999969482422
2017-10-04,93.45999908447266
2017-10-05,93.95999908447266
2017-10-06,93.8000030517578
2017-10-09,93.73999786376952
2017-10-10,93.29000091552734
2017-10-11,92.95999908447266
2017-10-12,93.12000274658205
2017-10-13,93.08999633789062
2017-10-16,93.27999877929688
2017-10-17,93.48999786376952
2017-10-18,93.36000061035156
2017-10-19,93.2699966430664
2017-10-20,93.6999969482422
2017-10-23,93.94000244140624
2017-10-24,93.95999908447266
2017-10-25,93.70999908447266
2017-10-26,94.61000061035156
2017-10-27,94.91999816894533
2017-10-30,94.48999786376952
2017-10-31,94.5500030517578
2017-11-01,94.81999969482422
2017-11-02,94.69000244140624
2017-11-03,94.94000244140624
2017-11-06,94.72000122070312
2017-11-07,94.91000366210938
2017-11-08,94.87000274658205
2017-11-09,94.44000244140624
2017-11-10,94.38999938964844
2017-11-13,94.48999786376952
2017-11-14,93.83000183105467
2017-11-15,93.80999755859376
2017-11-16,93.93000030517578
2017-11-17,93.66000366210938
2017-11-20,94.08000183105467
2017-11-21,93.9499969482422
2017-11-22,93.22000122070312
2017-11-24,92.76000213623048
2017-11-27,92.9000015258789
2017-11-28,93.26000213623048
2017-11-29,93.26000213623048
2017-11-30,93.01000213623048
2017-12-01,92.9000015258789
2017-12-04,93.19000244140624
2017-12-05,93.37999725341795
2017-12-06,93.61000061035156
2017-12-07,93.8000030517578
2017-12-08,93.9000015258789
2017-12-11,93.87000274658205
2017-12-12,94.0999984741211
2017-12-13,93.43000030517578
2017-12-14,93.48999786376952
2017-12-15,93.93000030517578
2017-12-18,93.6999969482422
2017-12-19,93.47000122070312
2017-12-20,93.3499984741211
2017-12-21,93.27999877929688
2017-12-22,93.3499984741211
2017-12-26,93.26000213623048
2017-12-27,93.02999877929688
2017-12-28,92.5999984741211
2017-12-29,92.12000274658205
2018-01-02,91.8499984741211
2018-01-03,92.16000366210938
2018-01-04,91.8499984741211
2018-01-05,91.9499969482422
2018-01-08,92.33000183105467
2018-01-09,92.52999877929688
2018-01-10,92.33000183105467
2018-01-11,91.8499984741211
2018-01-12,90.97000122070312
2018-01-16,90.38999938964844
2018-01-17,90.54000091552734
2018-01-18,90.5
2018-01-19,90.56999969482422
2018-01-22,90.4000015258789
2018-01-23,90.12000274658205
2018-01-24,89.20999908447266
2018-01-25,89.38999938964844
2018-01-26,89.06999969482422
2018-01-29,89.30999755859375
2018-01-30,89.19000244140625
2018-01-31,89.12999725341797
2018-02-01,88.66999816894531
2018-02-02,89.19999694824219
2018-02-05,89.55000305175781
2018-02-06,89.58999633789062
2018-02-07,90.26000213623048
2018-02-08,90.2300033569336
2018-02-09,90.44000244140624
2018-02-12,90.20999908447266
2018-02-13,89.69999694824219
2018-02-14,89.12000274658203
2018-02-15,88.58999633789062
2018-02-16,89.0999984741211
2018-02-20,89.72000122070312
2018-02-21,90.08000183105467
2018-02-22,89.75
2018-02-23,89.87999725341797
2018-02-26,89.81999969482422
2018-02-27,90.36000061035156
2018-02-28,90.61000061035156
2018-03-01,90.31999969482422
2018-03-02,89.94000244140625
2018-03-05,90.08000183105467
2018-03-06,89.62000274658203
2018-03-07,89.63999938964844
2018-03-08,90.12000274658205
2018-03-09,90.08999633789062
2018-03-12,89.9000015258789
2018-03-13,89.66000366210938
2018-03-14,89.69999694824219
2018-03-15,90.13999938964844
2018-03-16,90.2300033569336
2018-03-19,89.9000015258789
2018-03-20,90.37000274658205
2018-03-21,89.77999877929688
2018-03-22,89.86000061035156
2018-03-23,89.44000244140625
2018-03-26,89.02999877929688
2018-03-27,89.37000274658203
2018-03-28,90.05999755859375
2018-03-29,90.1500015258789
2018-04-02,90.05000305175781
2018-04-03,90.1999969482422
2018-04-04,90.13999938964844
2018-04-05,90.45999908447266
2018-04-06,90.11000061035156
2018-04-09,89.83999633789062
2018-04-10,89.58999633789062
2018-04-11,89.56999969482422
2018-04-12,89.75
2018-04-13,89.80000305175781
2018-04-16,89.43000030517578
2018-04-17,89.5199966430664
2018-04-18,89.62000274658203
2018-04-19,89.94000244140625
2018-04-20,90.31999969482422
2018-04-23,90.94000244140624
2018-04-24,90.7699966430664
2018-04-25,91.16999816894533
2018-04-26,91.55999755859376
2018-04-27,91.54000091552734
2018-04-30,91.83999633789062
2018-05-01,92.4499969482422
2018-05-02,92.51000213623048
2018-05-03,92.41000366210938
2018-05-04,92.56999969482422
2018-05-07,92.75
2018-05-08,93.12000274658205
2018-05-09,93.04000091552734
2018-05-10,92.6500015258789
2018-05-11,92.54000091552734
2018-05-14,92.58999633789062
2018-05-15,93.22000122070312
2018-05-16,93.38999938964844
2018-05-17,93.47000122070312
2018-05-18,93.63999938964844
2018-05-21,93.68000030517578
2018-05-22,93.61000061035156
2018-05-23,94.01000213623048
2018-05-24,93.77999877929688
2018-05-25,94.19000244140624
2018-05-29,94.83000183105467
2018-05-30,94.1500015258789
2018-05-31,93.98999786376952
2018-06-01,94.19000244140624
2018-06-04,94.0199966430664
2018-06-05,93.88999938964844
2018-06-06,93.66000366210938
2018-06-07,93.4000015258789
2018-06-08,93.5500030517578
2018-06-11,93.58000183105467
2018-06-12,93.8000030517578
2018-06-13,93.70999908447266
2018-06-14,94.7699966430664
2018-06-15,94.79000091552734
2018-06-18,94.75
2018-06-19,95.08999633789062
2018-06-20,95.05999755859376
2018-06-21,94.87000274658205
2018-06-22,94.5199966430664
2018-06-25,94.27999877929688
2018-06-26,94.68000030517578
2018-06-27,95.29000091552734
2018-06-28,95.38999938964844
2018-06-29,94.62999725341795
2018-07-02,94.87000274658205
2018-07-03,94.58999633789062
2018-07-05,94.47000122070312
2018-07-06,94.04000091552734
2018-07-09,94.08000183105467
2018-07-10,94.11000061035156
2018-07-11,94.72000122070312
2018-07-12,94.80999755859376
2018-07-13,94.75
2018-07-16,94.51000213623048
2018-07-17,94.97000122070312
2018-07-18,95.08000183105467
2018-07-19,95.16999816894533
2018-07-20,94.45999908447266
2018-07-23,94.66999816894533
2018-07-24,94.61000061035156
2018-07-25,94.36000061035156
2018-07-26,94.75
2018-07-27,94.68000030517578
2018-07-30,94.36000061035156
2018-07-31,94.48999786376952
2018-08-01,94.62000274658205
2018-08-02,95.16999816894533
2018-08-03,95.13999938964844
2018-08-06,95.36000061035156
2018-08-07,95.22000122070312
2018-08-08,95.0999984741211
2018-08-09,95.5
2018-08-10,96.36000061035156
2018-08-13,96.38999938964844
2018-08-14,96.7300033569336
2018-08-15,96.6999969482422
2018-08-16,96.6500015258789
2018-08-17,96.0999984741211
2018-08-20,95.9000015258789
2018-08-21,95.26000213623048
2018-08-22,95.1500015258789
2018-08-23,95.62000274658205
2018-08-24,95.1500015258789
2018-08-27,94.77999877929688
2018-08-28,94.72000122070312
2018-08-29,94.5999984741211
2018-08-30,94.72000122070312
2018-08-31,95.13999938964844
2018-09-04,95.41999816894533
2018-09-05,95.12999725341795
2018-09-06,95.0199966430664
2018-09-07,95.37000274658205
2018-09-10,95.1500015258789
2018-09-11,95.05999755859376
2018-09-12,94.8000030517578
2018-09-13,94.54000091552734
2018-09-14,94.9800033569336
2018-09-17,94.51000213623048
2018-09-18,94.62000274658205
2018-09-19,94.5500030517578
2018-09-20,93.91000366210938
2018-09-21,94.22000122070312
2018-09-24,94.26000213623048
2018-09-25,94.12999725341795
2018-09-26,94.19000244140624
2018-09-27,95.0
2018-09-28,95.19000244140624
2018-10-01,95.3000030517578
2018-10-02,95.51000213623048
2018-10-03,95.76000213623048
2018-10-04,95.75
2018-10-05,95.62000274658205
2018-10-08,95.7699966430664
2018-10-09,95.68000030517578
2018-10-10,95.51000213623048
2018-10-11,95.0199966430664
2018-10-12,95.22000122070312
2018-10-15,95.06999969482422
2018-10-16,95.0500030517578
2018-10-17,95.58000183105467
2018-10-18,95.9000015258789
2018-10-19,95.70999908447266
2018-10-22,96.01000213623048
2018-10-23,95.95999908447266
2018-10-24,96.43000030517578
2018-10-25,96.68000030517578
2018-10-26,96.36000061035156
2018-10-29,96.58000183105467
2018-10-30,97.01000213623048
2018-10-31,97.12999725341795
2018-11-01,96.27999877929688
2018-11-02,96.54000091552734
2018-11-05,96.3499984741211
2018-11-06,96.31999969482422
2018-11-07,96.0
2018-11-08,96.63999938964844
2018-11-09,96.91000366210938
2018-11-12,97.54000091552734
2018-11-13,97.3000030517578
2018-11-14,96.8000030517578
2018-11-15,96.93000030517578
2018-11-16,96.47000122070312
2018-11-19,96.19000244140624
2018-11-20,96.80999755859376
2018-11-21,96.70999908447266
2018-11-23,96.91999816894533
2018-11-26,97.06999969482422
2018-11-27,97.37000274658205
2018-11-28,96.79000091552734
2018-11-29,96.77999877929688
2018-11-30,97.2699966430664
2018-12-03,97.04000091552734
2018-12-04,96.97000122070312
2018-12-06,96.80999755859376
2018-12-07,96.51000213623048
2018-12-10,97.22000122070312
2018-12-11,97.38999938964844
2018-12-12,97.04000091552734
2018-12-13,97.05999755859376
2018-12-14,97.44000244140624
2018-12-17,97.0999984741211
2018-12-18,97.13999938964844
2018-12-19,97.04000091552734
2018-12-20,96.27999877929688
2018-12-21,96.95999908447266
2018-12-24,96.5500030517578
2018-12-26,97.0500030517578
2018-12-27,96.4800033569336
2018-12-28,96.38999938964844
2018-12-31,96.16999816894533
2019-01-02,96.81999969482422
2019-01-03,96.30999755859376
2019-01-04,96.19000244140624
2019-01-07,95.70999908447266
2019-01-08,95.9000015258789
2019-01-09,95.22000122070312
2019-01-10,95.54000091552734
2019-01-11,95.66999816894533
2019-01-14,95.58999633789062
2019-01-15,95.97000122070312
2019-01-16,96.05999755859376
2019-01-17,96.06999969482422
2019-01-18,96.33999633789062
2019-01-22,96.3000030517578
2019-01-23,96.12000274658205
2019-01-24,96.5999984741211
2019-01-25,95.79000091552734
2019-01-28,95.75
2019-01-29,95.81999969482422
2019-01-30,95.33999633789062
2019-01-31,95.58000183105467
2019-02-01,95.58000183105467
2019-02-04,95.8499984741211
2019-02-05,96.0999984741211
2019-02-06,96.41999816894533
2019-02-07,96.51000213623048
2019-02-08,96.63999938964844
2019-02-11,97.05999755859376
2019-02-12,96.70999908447266
2019-02-13,97.12999725341795
2019-02-14,96.9800033569336
2019-02-15,96.91999816894533
2019-02-19,96.5199966430664
2019-02-20,96.4499969482422
2019-02-21,96.61000061035156
2019-02-22,96.51000213623048
2019-02-25,96.41000366210938
2019-02-26,96.0
2019-02-27,96.1500015258789
2019-02-28,96.16000366210938
2019-03-01,96.52999877929688
2019-03-04,96.68000030517578
2019-03-05,96.8499984741211
2019-03-06,96.87000274658205
2019-03-07,97.66999816894533
2019-03-08,97.37000274658205
2019-03-11,97.22000122070312
2019-03-12,96.94000244140624
2019-03-13,96.5500030517578
2019-03-14,96.79000091552734
2019-03-15,96.5999984741211
2019-03-18,96.5199966430664
2019-03-19,96.37999725341795
2019-03-20,95.76000213623048
2019-03-21,96.5
2019-03-22,96.6500015258789
2019-03-25,96.56999969482422
2019-03-26,96.73999786376952
2019-03-27,96.7699966430664
2019-03-28,97.1999969482422
2019-03-29,97.27999877929688
2019-04-01,97.25
2019-04-02,97.36000061035156
2019-04-03,97.08999633789062
2019-04-04,97.30999755859376
2019-04-05,97.4000015258789
2019-04-08,97.0500030517578
2019-04-09,97.01000213623048
2019-04-10,96.9499969482422
2019-04-11,97.18000030517578
2019-04-12,96.97000122070312
2019-04-15,96.94000244140624
2019-04-16,97.04000091552734
2019-04-17,97.01000213623048
2019-04-18,97.47000122070312
2019-04-22,97.27999877929688
2019-04-23,97.56999969482422
2019-04-24,98.0999984741211
2019-04-25,98.1999969482422
2019-04-26,98.01000213623048
2019-04-29,97.86000061035156
2019-04-30,97.4800033569336
2019-05-01,97.69000244140624
2019-05-02,97.83000183105467
2019-05-03,97.5199966430664
2019-05-06,97.5199966430664
2019-05-07,97.62999725341795
2019-05-08,97.62000274658205
2019-05-09,97.37000274658205
2019-05-10,97.33000183105467
2019-05-13,97.31999969482422
2019-05-14,97.52999877929688
2019-05-15,97.56999969482422
2019-05-16,97.83999633789062
2019-05-17,98.0
2019-05-20,97.93000030517578
2019-05-21,98.05999755859376
2019-05-22,98.11000061035156
2019-05-23,97.8499984741211
2019-05-24,97.61000061035156
2019-05-28,97.95999908447266
2019-05-29,98.13999938964844
2019-05-30,98.13999938964844
2019-05-31,97.75
2019-06-03,97.13999938964844
2019-06-04,97.06999969482422
2019-06-05,97.37000274658205
2019-06-06,97.02999877929688
2019-06-07,96.61000061035156
2019-06-10,96.76000213623048
2019-06-11,96.69000244140624
2019-06-12,97.0
2019-06-13,97.01000213623048
2019-06-14,97.56999969482422
2019-06-17,97.55999755859376
2019-06-18,97.63999938964844
2019-06-19,97.12000274658205
2019-06-20,96.62999725341795
2019-06-21,96.22000122070312
2019-06-24,95.9800033569336
2019-06-25,96.16000366210938
2019-06-26,96.20999908447266
2019-06-27,96.19000244140624
2019-06-28,96.12999725341795
2019-07-01,96.83999633789062
2019-07-02,96.7300033569336
2019-07-03,96.7699966430664
2019-07-05,97.25
2019-07-08,97.37999725341795
2019-07-09,97.48999786376952
2019-07-10,97.0999984741211
2019-07-11,97.0500030517578
2019-07-12,96.80999755859376
2019-07-15,96.93000030517578
2019-07-16,97.4000015258789
2019-07-17,97.22000122070312
2019-07-18,96.79000091552734
2019-07-19,97.1500015258789
2019-07-22,97.26000213623048
2019-07-23,97.70999908447266
2019-07-24,97.7300033569336
2019-07-25,97.81999969482422
2019-07-26,98.01000213623048
2019-07-29,98.04000091552734
2019-07-30,98.0500030517578
2019-07-31,98.5199966430664
2019-08-01,98.38999938964844
2019-08-02,98.0999984741211
2019-08-05,97.5
2019-08-06,97.62999725341795
2019-08-07,97.54000091552734
2019-08-08,97.62000274658205
2019-08-09,97.48999786376952
2019-08-12,97.37999725341795
2019-08-13,97.80999755859376
2019-08-14,97.98999786376952
2019-08-15,98.13999938964844
2019-08-16,98.13999938964844
2019-08-19,98.3499984741211
2019-08-20,98.19000244140624
2019-08-21,98.3000030517578
2019-08-22,98.16999816894533
2019-08-23,97.63999938964844
2019-08-26,98.08000183105467
2019-08-27,98.0
2019-08-28,98.20999908447266
2019-08-29,98.51000213623048
2019-08-30,98.91999816894533
2019-09-03,98.9499969482422
2019-09-04,98.4499969482422
2019-09-05,98.41000366210938
2019-09-06,98.38999938964844
2019-09-09,98.27999877929688
2019-09-10,98.33000183105467
2019-09-11,98.6500015258789
2019-09-12,98.30999755859376
2019-09-13,98.26000213623048
2019-09-16,98.6500015258789
2019-09-17,98.26000213623048
2019-09-18,98.5999984741211
2019-09-19,98.2699966430664
2019-09-20,98.51000213623048
2019-09-23,98.5999984741211
2019-09-24,98.33999633789062
2019-09-25,99.04000091552734
2019-09-26,99.20999908447266
2019-09-27,99.11000061035156
2019-09-30,99.37999725341795
2019-10-01,99.12999725341795
2019-10-02,99.04000091552734
2019-10-03,98.86000061035156
2019-10-04,98.80999755859376
2019-10-07,98.98999786376952
2019-10-08,99.13999938964844
2019-10-09,99.12000274658205
2019-10-10,98.70999908447266
2019-10-11,98.3000030517578
2019-10-14,98.4499969482422
2019-10-15,98.29000091552734
2019-10-16,98.01000213623048
2019-10-17,97.61000061035156
2019-10-18,97.27999877929688
2019-10-21,97.33000183105467
2019-10-22,97.52999877929688
2019-10-23,97.47000122070312
2019-10-24,97.62999725341795
2019-10-25,97.83000183105467
2019-10-28,97.76000213623048
2019-10-29,97.69000244140624
2019-10-30,97.6500015258789
2019-10-31,97.3499984741211
2019-11-01,97.23999786376952
2019-11-04,97.51000213623048
2019-11-05,97.9800033569336
2019-11-06,97.9499969482422
2019-11-07,98.13999938964844
2019-11-08,98.3499984741211
2019-11-11,98.1999969482422
2019-11-12,98.30999755859376
2019-11-13,98.37000274658205
2019-11-14,98.16000366210938
2019-11-15,98.0
2019-11-18,97.79000091552734
2019-11-19,97.86000061035156
2019-11-20,97.93000030517578
2019-11-21,97.98999786376952
2019-11-22,98.2699966430664
2019-11-25,98.31999969482422
2019-11-26,98.25
2019-11-27,98.41000366210938
2019-11-29,98.2699966430664
2019-12-02,97.86000061035156
2019-12-03,97.73999786376952
2019-12-04,97.6500015258789
2019-12-05,97.41000366210938
2019-12-06,97.6999969482422
2019-12-09,97.63999938964844
2019-12-10,97.41000366210938
2019-12-11,97.16000366210938
2019-12-12,97.4000015258789
2019-12-13,97.16999816894533
2019-12-16,97.06999969482422
2019-12-17,97.20999908447266
2019-12-18,97.41000366210938
2019-12-19,97.41999816894533
2019-12-20,97.70999908447266
2019-12-23,97.66000366210938
2019-12-24,97.6500015258789
2019-12-26,97.58999633789062
2019-12-27,96.91999816894533
2019-12-30,96.73999786376952
2019-12-31,96.38999938964844
2020-01-02,96.8499984741211
2020-01-03,96.83999633789062
2020-01-06,96.66999816894533
2020-01-07,96.9800033569336
2020-01-08,97.3000030517578
2020-01-09,97.4499969482422
2020-01-10,97.36000061035156
2020-01-13,97.3499984741211
2020-01-14,97.37000274658205
2020-01-15,97.2300033569336
2020-01-16,97.31999969482422
2020-01-17,97.61000061035156
2020-01-21,97.52999877929688
2020-01-22,97.52999877929688
2020-01-23,97.69000244140624
2020-01-24,97.8499984741211
2020-01-27,97.95999908447266
2020-01-28,98.0199966430664
2020-01-29,97.98999786376952
2020-01-30,97.87000274658205
2020-01-31,97.38999938964844
2020-02-03,97.8000030517578
2020-02-04,97.95999908447266
2020-02-05,98.2699966430664
2020-02-06,98.5
2020-02-07,98.68000030517578
2020-02-10,98.83000183105467
2020-02-11,98.72000122070312
2020-02-12,99.0500030517578
2020-02-13,99.06999969482422
2020-02-14,99.12000274658205
2020-02-18,99.45999908447266
2020-02-19,99.5999984741211
2020-02-20,99.87000274658205
2020-02-21,99.26000213623048
2020-02-24,99.29000091552734
2020-02-25,98.97000122070312
2020-02-26,99.0
2020-02-27,98.44000244140624
2020-02-28,98.12999725341795
2020-03-02,97.36000061035156
2020-03-03,97.1500015258789
2020-03-04,97.33999633789062
2020-03-05,96.81999969482422
2020-03-06,95.9499969482422
2020-03-09,94.9000015258789
2020-03-10,96.41000366210938
2020-03-11,96.51000213623048
2020-03-12,97.47000122070312
2020-03-13,98.75
2020-03-16,98.08999633789062
2020-03-17,99.58000183105467
2020-03-18,101.16000366210938
2020-03-19,102.76000213623048
2020-03-20,102.81999969482422
2020-03-23,102.48999786376952
2020-03-24,101.73999786376952
2020-03-25,101.0500030517578
2020-03-26,99.41999816894533
2020-03-27,98.37000274658205
2020-03-30,99.18000030517578
2020-03-31,99.0500030517578
2020-04-01,99.66999816894533
2020-04-02,100.18000030517578
2020-04-03,100.58000183105467
2020-04-06,100.69000244140624
2020-04-07,99.9800033569336
2020-04-08,100.12000274658205
2020-04-09,99.5199966430664
2020-04-13,99.3499984741211
2020-04-14,98.88999938964844
2020-04-15,99.45999908447266
2020-04-16,100.02999877929688
2020-04-17,99.77999877929688
2020-04-20,99.95999908447266
2020-04-21,100.26000213623048
2020-04-22,100.38999938964844
2020-04-23,100.43000030517578
2020-04-24,100.37999725341795
2020-04-27,100.04000091552734
2020-04-28,99.87000274658205
2020-04-29,99.56999969482422
2020-04-30,99.0199966430664
2020-05-01,98.8000030517578
2020-05-04,99.4800033569336
2020-05-05,99.70999908447266
2020-05-06,100.08999633789062
2020-05-07,99.88999938964844
2020-05-08,99.7300033569336
2020-05-11,100.23999786376952
2020-05-12,99.93000030517578
2020-05-13,100.23999786376952
2020-05-14,100.47000122070312
2020-05-15,100.4000015258789
2020-05-18,99.66999816894533
2020-05-19,99.37000274658205
2020-05-20,99.12000274658205
2020-05-21,99.37000274658205
2020-05-22,99.86000061035156
2020-05-26,98.91000366210938
2020-05-27,99.05999755859376
2020-05-28,98.37999725341795
2020-05-29,98.33999633789062
2020-06-01,97.83000183105467
2020-06-02,97.66999816894533
2020-06-03,97.27999877929688
2020-06-04,96.68000030517578
2020-06-05,96.94000244140624
2020-06-08,96.62000274658205
2020-06-09,96.31999969482422
2020-06-10,95.95999908447266
2020-06-11,96.7300033569336
2020-06-12,97.31999969482422
2020-06-15,96.68000030517578
2020-06-16,96.95999908447266
2020-06-17,97.16000366210938
2020-06-18,97.41999816894533
2020-06-19,97.62000274658205
2020-06-22,97.04000091552734
2020-06-23,96.69000244140624
2020-06-24,97.1500015258789
2020-06-25,97.43000030517578
2020-06-26,97.5
2020-06-29,97.54000091552734
2020-06-30,97.38999938964844
2020-07-01,97.1999969482422
2020-07-02,97.31999969482422
2020-07-06,96.79000091552734
2020-07-07,96.87999725341795
2020-07-08,96.43000030517578
2020-07-09,96.6999969482422
2020-07-10,96.6500015258789
2020-07-13,96.45999908447266
2020-07-14,96.26000213623048
2020-07-15,96.08000183105467
2020-07-16,96.3499984741211
2020-07-17,95.94000244140624
2020-07-20,95.83000183105467
2020-07-21,95.12000274658205
2020-07-22,94.97000122070312
2020-07-23,94.69000244140624
2020-07-24,94.44000244140624
2020-07-27,93.66999816894533
2020-07-28,93.76000213623048
2020-07-29,93.26000213623048
2020-07-30,93.0199966430664
2020-07-31,93.48999786376952
2020-08-03,93.5
2020-08-04,93.37999725341795
2020-08-05,92.83000183105467
2020-08-06,92.79000091552734
2020-08-07,93.44000244140624
2020-08-10,93.58000183105467
2020-08-11,93.62999725341795
2020-08-12,93.44000244140624
2020-08-13,93.33999633789062
2020-08-14,93.0999984741211
2020-08-17,92.8499984741211
2020-08-18,92.2699966430664
2020-08-19,92.88999938964844
2020-08-20,92.79000091552734
2020-08-21,93.25
2020-08-24,93.3000030517578
2020-08-25,93.0199966430664
2020-08-26,93.01000213623048
2020-08-27,93.01000213623048
2020-08-28,92.37000274658205
2020-08-31,92.13999938964844
2020-09-01,92.33999633789062
2020-09-02,92.8499984741211
2020-09-03,92.73999786376952
2020-09-04,92.72000122070312
2020-09-08,93.4800033569336
2020-09-09,93.26000213623048
2020-09-10,93.33999633789062
2020-09-11,93.33000183105467
2020-09-14,93.06999969482422
2020-09-15,93.0500030517578
2020-09-16,93.20999908447266
2020-09-17,92.97000122070312
2020-09-18,92.93000030517578
2020-09-21,93.54000091552734
2020-09-22,93.98999786376952
2020-09-23,94.38999938964844
2020-09-24,94.3499984741211
2020-09-25,94.58000183105467
2020-09-28,94.26000213623048
2020-09-29,93.88999938964844
2020-09-30,93.88999938964844
2020-10-01,93.70999908447266
2020-10-02,93.83999633789062
2020-10-05,93.51000213623048
2020-10-06,93.83000183105467
2020-10-07,93.62999725341795
2020-10-08,93.61000061035156
2020-10-09,93.05999755859376
2020-10-12,93.06999969482422
2020-10-13,93.52999877929688
2020-10-14,93.37999725341795
2020-10-15,93.86000061035156
2020-10-16,93.68000030517578
2020-10-19,93.43000030517578
2020-10-20,93.06999969482422
2020-10-21,92.61000061035156
2020-10-22,92.9499969482422
2020-10-23,92.7699966430664
2020-10-26,93.0500030517578
2020-10-27,92.94000244140624
2020-10-28,93.41000366210938
2020-10-29,93.95999908447266
2020-10-30,94.04000091552734
2020-11-02,94.0500030517578
2020-11-03,93.5500030517578
2020-11-04,93.41000366210938
2020-11-05,92.52999877929688
2020-11-06,92.2300033569336
2020-11-09,92.7300033569336
2020-11-10,92.75
2020-11-11,93.04000091552734
2020-11-12,92.95999908447266
2020-11-13,92.76000213623048
2020-11-16,92.56999969482422
2020-11-17,92.41999816894533
2020-11-18,92.31999969482422
2020-11-19,92.29000091552734
2020-11-20,92.38999938964844
2020-11-23,92.51000213623048
2020-11-24,92.2300033569336
2020-11-25,91.98999786376952
2020-11-27,91.79000091552734
2020-11-30,91.87000274658205
2020-12-01,91.30999755859376
2020-12-02,91.12000274658205
2020-12-03,90.70999908447266
2020-12-04,90.6999969482422
2020-12-07,90.79000091552734
2020-12-08,90.97000122070312
2020-12-09,91.08999633789062
2020-12-10,90.79000091552734
2020-12-11,90.9800033569336
2020-12-14,90.70999908447266
2020-12-15,90.47000122070312
2020-12-16,90.4499969482422
2020-12-17,89.81999969482422
2020-12-18,90.0199966430664
2020-12-21,90.04000091552734
2020-12-22,90.6500015258789
2020-12-23,90.41000366210938
2020-12-24,90.33000183105467
2020-12-28,90.33999633789062
2020-12-29,90.01000213623047
2020-12-30,89.62999725341797
2020-12-31,89.94000244140625
2021-01-04,89.87999725341797
2021-01-05,89.44000244140625
2021-01-06,89.52999877929688
2021-01-07,89.83000183105469
2021-01-08,90.0999984741211
2021-01-11,90.54000091552734
2021-01-12,90.05000305175781
2021-01-13,90.31999969482422
2021-01-14,90.23999786376952
2021-01-15,90.77999877929688
2021-01-19,90.5
2021-01-20,90.47000122070312
2021-01-21,90.12999725341795
2021-01-22,90.23999786376952
2021-01-25,90.38999938964844
2021-01-26,90.16999816894533
2021-01-27,90.6500015258789
2021-01-28,90.45999908447266
2021-01-29,90.58000183105467
2021-02-01,91.0199966430664
2021-02-02,91.1999969482422
2021-02-03,91.12000274658205
2021-02-04,91.52999877929688
2021-02-05,91.04000091552734
2021-02-08,90.93000030517578
2021-02-09,90.44000244140624
2021-02-10,90.37000274658205
2021-02-11,90.41999816894533
2021-02-12,90.4800033569336
2021-02-16,90.51000213623048
2021-02-17,90.9499969482422
2021-02-18,90.58999633789062
2021-02-19,90.36000061035156
2021-02-22,90.01000213623047
2021-02-23,90.16999816894533
2021-02-24,90.18000030517578
2021-02-25,90.12999725341795
2021-02-26,90.93000030517578
2021-03-01,91.04000091552734
2021-03-02,90.79000091552734
2021-03-03,90.9499969482422
2021-03-04,91.62999725341795
2021-03-05,91.9800033569336
2021-03-08,92.30999755859376
2021-03-09,91.95999908447266
2021-03-10,91.79000091552734
2021-03-11,91.41999816894533
2021-03-12,91.68000030517578
2021-03-15,91.83000183105467
2021-03-16,91.87000274658205
2021-03-17,91.4000015258789
2021-03-18,91.8499984741211
2021-03-19,91.91999816894533
2021-03-22,91.8000030517578
2021-03-23,92.33999633789062
2021-03-24,92.52999877929688
2021-03-25,92.87999725341795
2021-03-26,92.7699966430664
2021-03-29,92.94000244140624
2021-03-30,93.3000030517578
2021-03-31,93.2300033569336
2021-04-01,92.93000030517578
2021-04-05,92.5999984741211
2021-04-06,92.33999633789062
2021-04-07,92.45999908447266
2021-04-08,92.05999755859376
2021-04-09,92.16000366210938
2021-04-12,92.13999938964844
2021-04-13,91.8499984741211
2021-04-14,91.69000244140624
2021-04-15,91.66999816894533
2021-04-16,91.55999755859376
2021-04-19,91.06999969482422
2021-04-20,91.23999786376952
2021-04-21,91.16000366210938
2021-04-22,91.33000183105467
2021-04-23,90.86000061035156
2021-04-26,90.80999755859376
2021-04-27,90.91000366210938
2021-04-28,90.61000061035156
2021-04-29,90.61000061035156
2021-04-30,91.27999877929688
2021-05-03,90.9499969482422
2021-05-04,91.29000091552734
2021-05-05,91.30999755859376
2021-05-06,90.9499969482422
2021-05-07,90.2300033569336
2021-05-10,90.20999908447266
2021-05-11,90.13999938964844
2021-05-12,90.70999908447266
2021-05-13,90.75
2021-05-14,90.31999969482422
2021-05-17,90.22000122070312
2021-05-18,89.75
2021-05-19,90.19000244140624
2021-05-20,89.80999755859375
2021-05-21,90.0199966430664
2021-05-24,89.83000183105469
2021-05-25,89.63999938964844
2021-05-26,90.04000091552734
2021-05-27,89.97000122070312
2021-05-28,90.02999877929688
2021-06-01,89.83000183105469
2021-06-02,89.9000015258789
2021-06-03,90.5
2021-06-04,90.13999938964844
2021-06-07,89.94999694824219
2021-06-08,90.08000183105467
2021-06-09,90.12000274658205
2021-06-10,90.08000183105467
2021-06-11,90.55999755859376
2021-06-14,90.5199966430664
2021-06-15,90.54000091552734
2021-06-16,91.12999725341795
2021-06-17,91.88999938964844
2021-06-18,92.2300033569336
2021-06-21,91.86000061035156
2021-06-22,91.7300033569336
2021-06-23,91.8000030517578
2021-06-24,91.81999969482422
2021-06-25,91.80999755859376
2021-06-28,91.87999725341795
2021-06-29,92.0500030517578
2021-06-30,92.44000244140624
2021-07-01,92.5999984741211
2021-07-02,92.2300033569336
2021-07-06,92.5500030517578
2021-07-07,92.63999938964844
2021-07-08,92.36000061035156
2021-07-09,92.12999725341795
2021-07-12,92.2300033569336
2021-07-13,92.75
2021-07-14,92.41000366210938
2021-07-15,92.62000274658205
2021-07-16,92.69000244140624
2021-07-19,92.88999938964844
2021-07-20,92.97000122070312
2021-07-21,92.75
2021-07-22,92.81999969482422
2021-07-23,92.91000366210938
2021-07-26,92.6500015258789
2021-07-27,92.43000030517578
2021-07-28,92.31999969482422
2021-07-29,91.86000061035156
2021-07-30,92.16999816894533
2021-08-02,92.0500030517578
2021-08-03,92.08000183105467
2021-08-04,92.2699966430664
2021-08-05,92.23999786376952
2021-08-06,92.8000030517578
2021-08-09,92.9499969482422
2021-08-10,93.05999755859376
2021-08-11,92.91000366210938
2021-08-12,93.04000091552734
2021-08-13,92.5199966430664
2021-08-16,92.62999725341795
2021-08-17,93.12999725341795
2021-08-18,93.13999938964844
2021-08-19,93.56999969482422
2021-08-20,93.5
2021-08-23,92.95999908447266
2021-08-24,92.88999938964844
2021-08-25,92.83000183105467
2021-08-26,93.05999755859376
2021-08-27,92.69000244140624
2021-08-30,92.6500015258789
2021-08-31,92.62999725341795
2021-09-01,92.4499969482422
2021-09-02,92.2300033569336
2021-09-03,92.04000091552734
2021-09-07,92.5199966430664
2021-09-08,92.6500015258789
2021-09-09,92.4800033569336
2021-09-10,92.58000183105467
2021-09-13,92.62000274658205
2021-09-14,92.6500015258789
2021-09-15,92.48999786376952
2021-09-16,92.86000061035156
2021-09-17,93.1999969482422
2021-09-20,93.23999786376952
2021-09-21,93.1999969482422
2021-09-22,93.45999908447266
2021-09-23,93.0999984741211
2021-09-24,93.33000183105467
2021-09-27,93.37999725341795
2021-09-28,93.7699966430664
2021-09-29,94.33999633789062
2021-09-30,94.25
2021-10-01,94.04000091552734
2021-10-04,93.80999755859376
2021-10-05,93.9800033569336
2021-10-06,94.2699966430664
2021-10-07,94.22000122070312
2021-10-08,94.06999969482422
2021-10-11,94.31999969482422
2021-10-12,94.5199966430664
2021-10-13,94.08000183105467
2021-10-14,93.95999908447266
2021-10-15,93.94000244140624
2021-10-18,93.9499969482422
2021-10-19,93.79000091552734
2021-10-20,93.55999755859376
2021-10-21,93.7699966430664
2021-10-22,93.61000061035156
2021-10-25,93.80999755859376
2021-10-26,93.9499969482422
2021-10-27,93.86000061035156
2021-10-28,93.3499984741211
2021-10-29,94.12000274658205
2021-11-01,93.87999725341795
2021-11-02,94.08999633789062
2021-11-03,93.86000061035156
2021-11-04,94.3499984741211
2021-11-05,94.31999969482422
2021-11-08,94.0500030517578
2021-11-09,93.95999908447266
2021-11-10,94.8499984741211
2021-11-11,95.18000030517578
2021-11-12,95.12999725341795
2021-11-15,95.41000366210938
2021-11-16,95.91999816894533
2021-11-17,95.83000183105467
2021-11-18,95.54000091552734
2021-11-19,96.06999969482422
2021-11-22,96.5
2021-11-23,96.48999786376952
2021-11-24,96.83999633789062
2021-11-26,96.08999633789062
2021-11-29,96.33999633789062
2021-11-30,95.98999786376952
2021-12-01,96.0500030517578
2021-12-02,96.12999725341795
2021-12-03,96.12000274658205
2021-12-06,96.29000091552734
2021-12-07,96.37000274658205
2021-12-08,95.88999938964844
2021-12-09,96.2699966430664
2021-12-10,96.0500030517578
2021-12-13,96.31999969482422
2021-12-14,96.56999969482422
2021-12-15,96.51000213623048
2021-12-16,96.04000091552734
2021-12-17,96.56999969482422
2021-12-20,96.5500030517578
2021-12-21,96.48999786376952
2021-12-22,96.08000183105467
2021-12-23,96.0199966430664
2021-12-27,96.08999633789062
2021-12-28,96.1999969482422
2021-12-29,95.93000030517578
2021-12-30,95.97000122070312
2021-12-31,95.66999816894533
2022-01-03,96.23999786376952
2022-01-04,96.29000091552734
2022-01-05,96.19000244140624
2022-01-06,96.25
2022-01-07,95.73999786376952
2022-01-10,95.98999786376952
2022-01-11,95.62000274658205
2022-01-12,95.0
2022-01-13,94.79000091552734
2022-01-14,95.16999816894533
2022-01-18,95.7300033569336
2022-01-19,95.51000213623048
2022-01-20,95.73999786376952
2022-01-21,95.63999938964844
2022-01-24,95.91999816894533
2022-01-25,95.9499969482422
2022-01-26,96.48999786376952
2022-01-27,97.26000213623048
2022-01-28,97.2699966430664
2022-01-31,96.54000091552734
2022-02-01,96.38999938964844
2022-02-02,95.94000244140624
2022-02-03,95.37999725341795
2022-02-04,95.4800033569336
2022-02-07,95.4000015258789
2022-02-08,95.63999938964844
2022-02-09,95.48999786376952
2022-02-10,95.5500030517578
2022-02-11,96.08000183105467
2022-02-14,96.37000274658205
2022-02-15,95.98999786376952
2022-02-16,95.6999969482422
2022-02-17,95.8000030517578
2022-02-18,96.04000091552734
2022-02-22,96.02999877929688
2022-02-23,96.19000244140624
2022-02-24,97.13999938964844
2022-02-25,96.62000274658205
2022-02-28,96.70999908447266
2022-03-01,97.41000366210938
2022-03-02,97.38999938964844
2022-03-03,97.79000091552734
2022-03-04,98.6500015258789
2022-03-07,99.29000091552734
2022-03-08,99.05999755859376
2022-03-09,97.97000122070312
2022-03-10,98.51000213623048
2022-03-11,99.12000274658205
2022-03-14,99.05999755859376
2022-03-15,99.06999969482422
2022-03-16,98.37999725341795
2022-03-17,98.01000213623048
2022-03-18,98.2300033569336
2022-03-21,98.5
2022-03-22,98.48999786376952
2022-03-23,98.62000274658205
2022-03-24,98.79000091552734
2022-03-25,98.80999755859376
2022-03-28,99.08999633789062
2022-03-29,98.4000015258789
2022-03-30,97.79000091552734
2022-03-31,98.30999755859376
2022-04-01,98.62999725341795
2022-04-04,98.98999786376952
2022-04-05,99.47000122070312
2022-04-06,99.5999984741211
2022-04-07,99.75
2022-04-08,99.8000030517578
2022-04-11,99.93000030517578
2022-04-12,100.29000091552734
2022-04-13,99.87999725341795
2022-04-14,100.31999969482422
2022-04-18,100.77999877929688
2022-04-19,100.95999908447266
2022-04-20,100.38999938964844
2022-04-21,100.58000183105467
2022-04-22,101.22000122070312
2022-04-25,101.75
2022-04-26,102.3000030517578
2022-04-27,102.9499969482422
2022-04-28,103.62000274658205
2022-04-29,102.95999908447266
2022-05-02,103.73999786376952
2022-05-03,103.47000122070312
2022-05-04,102.58999633789062
2022-05-05,103.75
2022-05-06,103.66000366210938
2022-05-09,103.6500015258789
2022-05-10,103.91999816894533
2022-05-11,103.8499984741211
2022-05-12,104.8499984741211
2022-05-13,104.55999755859376
2022-05-16,104.19000244140624
2022-05-17,103.36000061035156
2022-05-18,103.80999755859376
2022-05-19,102.72000122070312
2022-05-20,103.1500015258789
2022-05-23,102.08000183105467
2022-05-24,101.86000061035156
2022-05-25,102.05999755859376
2022-05-26,101.83000183105467
2022-05-27,101.66999816894533
2022-05-31,101.75
2022-06-01,102.5500030517578
2022-06-02,101.7699966430664
2022-06-03,102.13999938964844
2022-06-06,102.44000244140624
2022-06-07,102.31999969482422
2022-06-08,102.54000091552734
2022-06-09,103.22000122070312
2022-06-10,104.1500015258789
2022-06-13,105.08000183105467
2022-06-14,105.5199966430664
2022-06-15,105.16000366210938
2022-06-16,103.62999725341795
2022-06-17,104.6999969482422
2022-06-21,104.44000244140624
2022-06-22,104.1999969482422
2022-06-23,104.43000030517578
2022-06-24,104.19000244140624
2022-06-27,103.94000244140624
2022-06-28,104.51000213623048
2022-06-29,105.11000061035156
2022-06-30,104.69000244140624
2022-07-01,105.13999938964844
2022-07-05,106.5
2022-07-06,107.0999984741211
2022-07-07,107.12999725341795
2022-07-08,107.01000213623048
2022-07-11,108.0199966430664
2022-07-12,108.06999969482422
2022-07-13,107.95999908447266
2022-07-14,108.54000091552734
2022-07-15,108.05999755859376
2022-07-18,107.37000274658205
2022-07-19,106.68000030517578
2022-07-20,107.08000183105467
2022-07-21,106.91000366210938
2022-07-22,106.7300033569336
2022-07-25,106.4800033569336
2022-07-26,107.19000244140624
2022-07-27,106.4499969482422
2022-07-28,106.3499984741211
2022-07-29,105.9000015258789
2022-08-01,105.4499969482422
2022-08-02,106.23999786376952
2022-08-03,106.51000213623048
2022-08-04,105.69000244140624
2022-08-05,106.62000274658205
2022-08-08,106.44000244140624
2022-08-09,106.37000274658205
2022-08-10,105.1999969482422
2022-08-11,105.08999633789062
2022-08-12,105.62999725341795
2022-08-15,106.5500030517578
2022-08-16,106.5
2022-08-17,106.56999969482422
2022-08-18,107.4800033569336
2022-08-19,108.16999816894533
2022-08-22,109.0500030517578
2022-08-23,108.62000274658205
2022-08-24,108.68000030517578
2022-08-25,108.47000122070312
2022-08-26,108.8000030517578
2022-08-29,108.83999633789062
2022-08-30,108.7699966430664
2022-08-31,108.6999969482422
2022-09-01,109.69000244140624
2022-09-02,109.52999877929688
2022-09-06,110.20999908447266
2022-09-07,109.83999633789062
2022-09-08,109.70999908447266
2022-09-09,109.0
2022-09-12,108.33000183105467
2022-09-13,109.81999969482422
2022-09-14,109.66000366210938
2022-09-15,109.73999786376952
2022-09-16,109.76000213623048
2022-09-19,109.73999786376952
2022-09-20,110.22000122070312
2022-09-21,110.63999938964844
2022-09-22,111.3499984741211
2022-09-23,113.19000244140624
2022-09-26,114.0999984741211
2022-09-27,114.11000061035156
2022-09-28,112.5999984741211
2022-09-29,112.25
2022-09-30,112.12000274658205
2022-10-03,111.75
2022-10-04,110.06999969482422
2022-10-05,111.06999969482422
2022-10-06,112.26000213623048
2022-10-07,112.8000030517578
2022-10-10,113.13999938964844
2022-10-11,113.22000122070312
2022-10-12,113.31999969482422
2022-10-13,112.36000061035156
2022-10-14,113.30999755859376
2022-10-17,112.04000091552734
2022-10-18,112.12999725341795
2022-10-19,112.9800033569336
2022-10-20,112.87999725341795
2022-10-21,112.01000213623048
2022-10-24,111.98999786376952
2022-10-25,110.9499969482422
2022-10-26,109.6999969482422
2022-10-27,110.58999633789062
2022-10-28,110.66999816894533
2022-10-31,111.52999877929688
2022-11-01,111.4800033569336
2022-11-02,111.3499984741211
2022-11-03,112.93000030517578
2022-11-04,110.87999725341795
2022-11-07,110.12000274658205
2022-11-08,109.62000274658205
2022-11-09,110.5500030517578
2022-11-10,108.20999908447266
2022-11-11,106.29000091552734
2022-11-14,106.66000366210938
2022-11-15,106.4000015258789
2022-11-16,106.27999877929688
2022-11-17,106.69000244140624
2022-11-18,106.93000030517578
2022-11-21,107.83999633789062
2022-11-22,107.22000122070312
2022-11-23,106.08000183105467
2022-11-25,105.95999908447266
2022-11-28,106.68000030517578
2022-11-29,106.81999969482422
2022-11-30,105.9499969482422
2022-12-01,104.7300033569336
2022-12-02,104.5500030517578
2022-12-05,105.29000091552734
2022-12-06,105.58000183105467
2022-12-07,105.0999984741211
2022-12-08,104.7699966430664
2022-12-09,104.80999755859376
2022-12-12,105.12999725341795
2022-12-13,103.9800033569336
2022-12-14,103.7699966430664
2022-12-15,104.55999755859376
2022-12-16,104.6999969482422
2022-12-19,104.72000122070312
2022-12-20,103.97000122070312
2022-12-21,104.16000366210938
2022-12-22,104.43000030517578
2022-12-23,104.30999755859376
2022-12-27,104.18000030517578
2022-12-28,104.45999908447266
2022-12-29,103.83999633789062
2022-12-30,103.5199966430664
2023-01-03,104.5199966430664
2023-01-04,104.25
2023-01-05,105.04000091552734
2023-01-06,103.87999725341795
2023-01-09,103.0
2023-01-10,103.23999786376952
2023-01-11,103.19000244140624
2023-01-12,102.25
2023-01-13,102.1999969482422
2023-01-17,102.38999938964844
2023-01-18,102.36000061035156
2023-01-19,102.05999755859376
2023-01-20,102.01000213623048
2023-01-23,102.13999938964844
2023-01-24,101.91999816894533
2023-01-25,101.63999938964844
2023-01-26,101.83999633789062
2023-01-27,101.93000030517578
2023-01-30,102.27999877929688
2023-01-31,102.0999984741211
2023-02-01,101.22000122070312
2023-02-02,101.75
2023-02-03,102.91999816894533
2023-02-06,103.62000274658205
2023-02-07,103.43000030517578
2023-02-08,103.41000366210938
2023-02-09,103.22000122070312
2023-02-10,103.62999725341795
2023-02-13,103.3499984741211
2023-02-14,103.2300033569336
2023-02-15,103.91999816894533
2023-02-16,103.86000061035156
2023-02-17,103.86000061035156
2023-02-21,104.18000030517578
2023-02-22,104.58999633789062
2023-02-23,104.5999984741211
2023-02-24,105.20999908447266
2023-02-27,104.66999816894533
2023-02-28,104.87000274658205
2023-03-01,104.4800033569336
2023-03-02,105.02999877929688
2023-03-03,104.5199966430664
2023-03-06,104.3499984741211
2023-03-07,105.62000274658205
2023-03-08,105.66000366210938
2023-03-09,105.30999755859376
2023-03-10,104.58000183105467
2023-03-13,103.5999984741211
2023-03-14,103.5999984741211
2023-03-15,104.6500015258789
2023-03-16,104.41999816894533
2023-03-17,103.70999908447266
2023-03-20,103.27999877929688
2023-03-21,103.26000213623048
2023-03-22,102.3499984741211
2023-03-23,102.52999877929688
2023-03-24,103.12000274658205
2023-03-27,102.86000061035156
2023-03-28,102.43000030517578
2023-03-29,102.63999938964844
2023-03-30,102.13999938964844
2023-03-31,102.51000213623048
2023-04-03,102.08999633789062
2023-04-04,101.58999633789062
2023-04-05,101.8499984741211
2023-04-06,101.81999969482422
2023-04-10,102.58000183105467
2023-04-11,102.1999969482422
2023-04-12,101.5
2023-04-13,101.01000213623048
2023-04-14,101.5500030517578
2023-04-17,102.0999984741211
2023-04-18,101.75
2023-04-19,101.97000122070312
2023-04-20,101.83999633789062
2023-04-21,101.81999969482422
2023-04-24,101.3499984741211
2023-04-25,101.86000061035156
2023-04-26,101.47000122070312
2023-04-27,101.5
2023-04-28,101.66999816894533
2023-05-01,102.1500015258789
2023-05-02,101.95999908447266
2023-05-03,101.33999633789062
2023-05-04,101.4000015258789
2023-05-05,101.20999908447266
2023-05-08,101.37000274658205
2023-05-09,101.61000061035156
2023-05-10,101.4800033569336
2023-05-11,102.05999755859376
2023-05-12,102.68000030517578
2023-05-15,102.43000030517578
2023-05-16,102.55999755859376
2023-05-17,102.87999725341795
2023-05-18,103.58000183105467
2023-05-19,103.1999969482422
2023-05-22,103.1999969482422
2023-05-23,103.48999786376952
2023-05-24,103.88999938964844
2023-05-25,104.20999908447266
2023-05-26,104.20999908447266
2023-05-30,104.16999816894533
2023-05-31,104.31999969482422
2023-06-01,103.55999755859376
2023-06-02,104.0199966430664
2023-06-05,104.0
2023-06-06,104.12999725341795
2023-06-07,104.0999984741211
2023-06-08,103.33999633789062
2023-06-09,103.55999755859376
2023-06-12,103.62999725341795
2023-06-13,103.33999633789062
2023-06-14,103.01000213623048
2023-06-15,102.12000274658205
2023-06-16,102.3000030517578
2023-06-20,102.54000091552734
2023-06-21,102.06999969482422
2023-06-22,102.38999938964844
2023-06-23,102.9000015258789
2023-06-26,102.69000244140624
2023-06-27,102.48999786376952
2023-06-28,102.91000366210938
2023-06-29,103.33999633789062
2023-06-30,102.91000366210938
2023-07-03,102.98999786376952
2023-07-05,103.37000274658205
2023-07-06,103.16999816894533
2023-07-07,102.2699966430664
2023-07-10,101.97000122070312
2023-07-11,101.7300033569336
2023-07-12,100.5199966430664
2023-07-13,99.7699966430664
2023-07-14,99.91000366210938
2023-07-17,99.83999633789062
2023-07-18,99.94000244140624
2023-07-19,100.27999877929688
2023-07-20,100.87999725341795
2023-07-21,101.06999969482422
2023-07-24,101.3499984741211
2023-07-25,101.3499984741211
2023-07-26,100.88999938964844
2023-07-27,101.7699966430664
2023-07-28,101.62000274658205
2023-07-31,101.86000061035156
2023-08-01,102.3000030517578
2023-08-02,102.58999633789062
2023-08-03,102.54000091552734
2023-08-04,102.0199966430664
2023-08-07,102.0500030517578
2023-08-08,102.52999877929688
2023-08-09,102.48999786376952
2023-08-10,102.5199966430664
2023-08-11,102.83999633789062
2023-08-14,103.19000244140624
2023-08-15,103.20999908447266
2023-08-16,103.41999816894533
2023-08-17,103.44000244140624
2023-08-18,103.37999725341795
2023-08-21,103.33000183105467
2023-08-22,103.55999755859376
2023-08-23,103.36000061035156
2023-08-24,103.9800033569336
2023-08-25,104.08000183105467
2023-08-28,104.05999755859376
2023-08-29,103.5500030517578
2023-08-30,103.16000366210938
