DATE,Aaa,Baa
2013-08-01,4.51,5.4
2013-08-02,4.42,5.31
2013-08-05,4.46,5.37
2013-08-06,4.47,5.359999999999999
2013-08-07,4.42,5.33
2013-08-08,4.41,5.31
2013-08-09,4.41,5.3100000000000005
2013-08-12,4.45,5.33
2013-08-13,4.54,5.43
2013-08-14,4.53,5.43
2013-08-15,4.6,5.47
2013-08-16,4.66,5.54
2013-08-19,4.71,5.58
2013-08-20,4.66,5.54
2013-08-21,4.69,5.58
2013-08-22,4.6899999999999995,5.58
2013-08-23,4.6,5.49
2013-08-26,4.6,5.46
2013-08-27,4.510000000000001,5.38
2013-08-28,4.58,5.430000000000001
2013-08-29,4.5200000000000005,5.37
2013-08-30,4.49,5.34
2013-09-02,4.54,5.38
2013-09-03,4.609999999999999,5.4399999999999995
2013-09-04,4.63,5.45
2013-09-05,4.72,5.53
2013-09-06,4.72,5.53
2013-09-09,4.68,5.5
2013-09-10,4.73,5.57
2013-09-11,4.71,5.54
2013-09-12,4.69,5.53
2013-09-13,4.69,5.54
2013-09-16,4.72,5.5600000000000005
2013-09-17,4.71,5.53
2013-09-18,4.63,5.44
2013-09-19,4.66,5.4799999999999995
2013-09-20,4.62,5.43
2013-09-23,4.6,5.42
2013-09-24,4.53,5.35
2013-09-25,4.5,5.33
2013-09-26,4.55,5.38
2013-09-27,4.54,5.37
2013-09-30,4.56,5.39
2013-10-01,4.59,5.42
2013-10-02,4.58,5.4
2013-10-03,4.57,5.4
2013-10-04,4.6,5.42
2013-10-07,4.57,5.39
2013-10-08,4.5600000000000005,5.37
2013-10-09,4.59,5.39
2013-10-10,4.59,5.39
2013-10-11,4.58,5.38
2013-10-14,4.6,5.395
2013-10-15,4.619999999999999,5.409999999999999
2013-10-16,4.57,5.3500000000000005
2013-10-17,4.5,5.27
2013-10-18,4.5,5.26
2013-10-21,4.53,5.28
2013-10-22,4.45,5.2
2013-10-23,4.43,5.18
2013-10-24,4.46,5.21
2013-10-25,4.44,5.19
2013-10-28,4.45,5.2
2013-10-29,4.47,5.22
2013-10-30,4.48,5.23
2013-10-31,4.48,5.220000000000001
2013-11-01,4.54,5.29
2013-11-04,4.54,5.29
2013-11-05,4.6,5.35
2013-11-06,4.61,5.37
2013-11-07,4.57,5.33
2013-11-08,4.69,5.46
2013-11-11,4.695,5.465
2013-11-12,4.7,5.47
2013-11-13,4.67,5.44
2013-11-14,4.6499999999999995,5.41
2013-11-15,4.6499999999999995,5.41
2013-11-18,4.58,5.33
2013-11-19,4.62,5.37
2013-11-20,4.72,5.47
2013-11-21,4.7,5.4399999999999995
2013-11-22,4.6499999999999995,5.3999999999999995
2013-11-25,4.6499999999999995,5.39
2013-11-26,4.59,5.34
2013-11-27,4.62,5.37
2013-11-28,4.63,5.375
2013-11-29,4.62,5.36
2013-12-02,4.67,5.41
2013-12-03,4.6499999999999995,5.39
2013-12-04,4.71,5.46
2013-12-05,4.72,5.47
2013-12-06,4.72,5.46
2013-12-09,4.7,5.43
2013-12-10,4.64,5.37
2013-12-11,4.66,5.41
2013-12-12,4.66,5.42
2013-12-13,4.63,5.38
2013-12-16,4.6499999999999995,5.39
2013-12-17,4.63,5.35
2013-12-18,4.63,5.39
2013-12-19,4.57,5.359999999999999
2013-12-20,4.49,5.27
2013-12-23,4.51,5.29
2013-12-24,4.57,5.35
2013-12-25,4.58,5.359999999999999
2013-12-26,4.59,5.37
2013-12-27,4.57,5.39
2013-12-30,4.53,5.34
2013-12-31,4.57,5.37
2014-01-01,4.555,5.35
2014-01-02,4.55,5.34
2014-01-03,4.5600000000000005,5.35
2014-01-06,4.53,5.3
2014-01-07,4.510000000000001,5.28
2014-01-08,4.53,5.32
2014-01-09,4.5600000000000005,5.28
2014-01-10,4.5,5.2
2014-01-13,4.470000000000001,5.180000000000001
2014-01-14,4.5,5.220000000000001
2014-01-15,4.5,5.220000000000001
2014-01-16,4.48,5.180000000000001
2014-01-17,4.470000000000001,5.17
2014-01-20,4.465,5.16
2014-01-21,4.46,5.15
2014-01-22,4.48,5.17
2014-01-23,4.430000000000001,5.11
2014-01-24,4.45,5.1000000000000005
2014-01-27,4.48,5.140000000000001
2014-01-28,4.48,5.12
2014-01-29,4.430000000000001,5.07
2014-01-30,4.44,5.08
2014-01-31,4.430000000000001,5.07
2014-02-03,4.3500000000000005,5.0
2014-02-04,4.42,5.050000000000001
2014-02-05,4.48,5.12
2014-02-06,4.5,5.13
2014-02-07,4.489999999999999,5.13
2014-02-10,4.48,5.12
2014-02-11,4.5,5.14
2014-02-12,4.54,5.16
2014-02-13,4.489999999999999,5.119999999999999
2014-02-14,4.5,5.13
2014-02-17,4.4799999999999995,5.114999999999999
2014-02-18,4.470000000000001,5.11
2014-02-19,4.5,5.140000000000001
2014-02-20,4.5200000000000005,5.15
2014-02-21,4.44,5.11
2014-02-24,4.45,5.13
2014-02-25,4.390000000000001,5.08
2014-02-26,4.37,5.050000000000001
2014-02-27,4.33,5.010000000000001
2014-02-28,4.319999999999999,5.01
2014-03-03,4.29,4.970000000000001
2014-03-04,4.37,5.050000000000001
2014-03-05,4.38,5.0600000000000005
2014-03-06,4.42,5.11
2014-03-07,4.46,5.14
2014-03-10,4.46,5.15
2014-03-11,4.46,5.14
2014-03-12,4.42,5.11
2014-03-13,4.35,5.05
2014-03-14,4.37,5.05
2014-03-17,4.41,5.1
2014-03-18,4.41,5.1
2014-03-19,4.45,5.15
2014-03-20,4.44,5.13
2014-03-21,4.39,5.07
2014-03-24,4.35,5.03
2014-03-25,4.359999999999999,5.03
2014-03-26,4.33,4.99
2014-03-27,4.29,4.95
2014-03-28,4.3100000000000005,4.98
2014-03-31,4.319999999999999,4.989999999999999
2014-04-01,4.3,5.03
2014-04-02,4.34,5.07
2014-04-03,4.32,5.04
2014-04-04,4.28,4.99
2014-04-07,4.25,4.95
2014-04-08,4.25,4.95
2014-04-09,4.26,4.96
2014-04-10,4.24,4.89
2014-04-11,4.21,4.859999999999999
2014-04-14,4.22,4.87
2014-04-15,4.199999999999999,4.84
2014-04-16,4.1899999999999995,4.84
2014-04-17,4.25,4.89
2014-04-18,4.26,4.904999999999999
2014-04-21,4.26,4.909999999999999
2014-04-22,4.239999999999999,4.88
2014-04-23,4.21,4.85
2014-04-24,4.199999999999999,4.84
2014-04-25,4.18,4.81
2014-04-28,4.2,4.83
2014-04-29,4.239999999999999,4.859999999999999
2014-04-30,4.21,4.83
2014-05-01,4.16,4.77
2014-05-02,4.12,4.74
2014-05-05,4.16,4.78
2014-05-06,4.13,4.76
2014-05-07,4.16,4.78
2014-05-08,4.17,4.79
2014-05-09,4.21,4.83
2014-05-12,4.24,4.86
2014-05-13,4.2,4.82
2014-05-14,4.12,4.74
2014-05-15,4.08,4.72
2014-05-16,4.09,4.72
2014-05-19,4.1499999999999995,4.76
2014-05-20,4.1499999999999995,4.75
2014-05-21,4.1899999999999995,4.8
2014-05-22,4.2299999999999995,4.81
2014-05-23,4.1899999999999995,4.78
2014-05-26,4.199999999999999,4.765000000000001
2014-05-27,4.21,4.75
2014-05-28,4.13,4.67
2014-05-29,4.1499999999999995,4.6899999999999995
2014-05-30,4.16,4.7
2014-06-02,4.22,4.76
2014-06-03,4.279999999999999,4.819999999999999
2014-06-04,4.28,4.84
2014-06-05,4.27,4.83
2014-06-06,4.28,4.83
2014-06-09,4.29,4.84
2014-06-10,4.31,4.85
2014-06-11,4.31,4.85
2014-06-12,4.25,4.79
2014-06-13,4.26,4.79
2014-06-16,4.239999999999999,4.779999999999999
2014-06-17,4.29,4.83
2014-06-18,4.26,4.8
2014-06-19,4.3,4.83
2014-06-20,4.26,4.83
2014-06-23,4.25,4.819999999999999
2014-06-24,4.22,4.77
2014-06-25,4.199999999999999,4.75
2014-06-26,4.1499999999999995,4.71
2014-06-27,4.17,4.739999999999999
2014-06-30,4.1499999999999995,4.71
2014-07-01,4.22,4.77
2014-07-02,4.27,4.84
2014-07-03,4.28,4.859999999999999
2014-07-04,4.255,4.83
2014-07-07,4.239999999999999,4.81
2014-07-08,4.18,4.76
2014-07-09,4.16,4.74
2014-07-10,4.1899999999999995,4.75
2014-07-11,4.17,4.7299999999999995
2014-07-14,4.1899999999999995,4.76
2014-07-15,4.1899999999999995,4.76
2014-07-16,4.17,4.74
2014-07-17,4.109999999999999,4.6899999999999995
2014-07-18,4.13,4.7
2014-07-21,4.1,4.68
2014-07-22,4.09,4.67
2014-07-23,4.12,4.68
2014-07-24,4.17,4.72
2014-07-25,4.12,4.67
2014-07-28,4.1,4.6899999999999995
2014-07-29,4.0600000000000005,4.6499999999999995
2014-07-30,4.1499999999999995,4.74
2014-07-31,4.15,4.75
2014-08-01,4.18,4.75
2014-08-04,4.18,4.75
2014-08-05,4.1499999999999995,4.74
2014-08-06,4.16,4.75
2014-08-07,4.109999999999999,4.71
2014-08-08,4.09,4.71
2014-08-11,4.1,4.72
2014-08-12,4.14,4.75
2014-08-13,4.109999999999999,4.74
2014-08-14,4.0600000000000005,4.6899999999999995
2014-08-15,4.0,4.63
2014-08-18,4.0600000000000005,4.7
2014-08-19,4.109999999999999,4.7299999999999995
2014-08-20,4.109999999999999,4.7299999999999995
2014-08-21,4.08,4.6899999999999995
2014-08-22,4.03,4.66
2014-08-25,4.01,4.64
2014-08-26,4.03,4.6499999999999995
2014-08-27,3.9899999999999998,4.609999999999999
2014-08-28,3.94,4.57
2014-08-29,3.9499999999999997,4.58
2014-09-01,3.965,4.615
2014-09-02,4.0,4.67
2014-09-03,3.98,4.6499999999999995
2014-09-04,4.03,4.7
2014-09-05,4.1,4.75
2014-09-08,4.08,4.74
2014-09-09,4.09,4.75
2014-09-10,4.13,4.8
2014-09-11,4.12,4.79
2014-09-12,4.22,4.89
2014-09-15,4.21,4.88
2014-09-16,4.22,4.8999999999999995
2014-09-17,4.22,4.91
2014-09-18,4.22,4.91
2014-09-19,4.16,4.85
2014-09-22,4.1499999999999995,4.84
2014-09-23,4.1,4.8
2014-09-24,4.13,4.84
2014-09-25,4.0600000000000005,4.79
2014-09-26,4.0600000000000005,4.81
2014-09-29,4.02,4.7700000000000005
2014-09-30,4.05,4.8100000000000005
2014-10-01,3.9499999999999997,4.7299999999999995
2014-10-02,3.9899999999999998,4.76
2014-10-03,3.98,4.74
2014-10-06,3.98,4.7299999999999995
2014-10-07,3.9099999999999997,4.66
2014-10-08,3.92,4.67
2014-10-09,3.92,4.68
2014-10-10,3.8899999999999997,4.67
2014-10-13,3.8499999999999996,4.635
2014-10-14,3.81,4.6
2014-10-15,3.78,4.59
2014-10-16,3.84,4.64
2014-10-17,3.8699999999999997,4.66
2014-10-20,3.8899999999999997,4.6499999999999995
2014-10-21,3.92,4.66
2014-10-22,3.9299999999999997,4.67
2014-10-23,3.96,4.71
2014-10-24,3.9699999999999998,4.72
2014-10-27,3.9499999999999997,4.71
2014-10-28,3.96,4.7299999999999995
2014-10-29,3.9299999999999997,4.7
2014-10-30,3.88,4.71
2014-10-31,3.9,4.74
2014-11-03,3.9,4.75
2014-11-04,3.89,4.739999999999999
2014-11-05,3.9,4.75
2014-11-06,3.9299999999999997,4.79
2014-11-07,3.88,4.75
2014-11-10,3.92,4.79
2014-11-11,3.9349999999999996,4.795
2014-11-12,3.9499999999999997,4.8
2014-11-13,3.9699999999999998,4.82
2014-11-14,3.94,4.8
2014-11-17,3.95,4.83
2014-11-18,3.96,4.840000000000001
2014-11-19,3.98,4.869999999999999
2014-11-20,3.97,4.859999999999999
2014-11-21,3.94,4.8
2014-11-24,3.94,4.8
2014-11-25,3.88,4.7299999999999995
2014-11-26,3.86,4.71
2014-11-27,3.855,4.715
2014-11-28,3.83,4.7
2014-12-01,3.86,4.76
2014-12-02,3.93,4.82
2014-12-03,3.92,4.8100000000000005
2014-12-04,3.89,4.78
2014-12-05,3.9,4.79
2014-12-08,3.8200000000000003,4.74
2014-12-09,3.79,4.73
2014-12-10,3.75,4.71
2014-12-11,3.74,4.72
2014-12-12,3.67,4.68
2014-12-15,3.6999999999999997,4.680000000000001
2014-12-16,3.7,4.67
2014-12-17,3.75,4.74
2014-12-18,3.8,4.78
2014-12-19,3.77,4.7299999999999995
2014-12-22,3.73,4.7
2014-12-23,3.83,4.79
2014-12-24,3.81,4.77
2014-12-25,3.8,4.76
2014-12-26,3.79,4.75
2014-12-29,3.75,4.71
2014-12-30,3.73,4.6899999999999995
2014-12-31,3.72,4.68
2015-01-01,3.665,4.624999999999999
2015-01-02,3.67,4.63
2015-01-05,3.5900000000000003,4.5600000000000005
2015-01-06,3.5,4.49
2015-01-07,3.5100000000000002,4.49
2015-01-08,3.5700000000000003,4.57
2015-01-09,3.5300000000000002,4.53
2015-01-12,3.47,4.47
2015-01-13,3.49,4.46
2015-01-14,3.46,4.44
2015-01-15,3.44,4.42
2015-01-16,3.46,4.45
2015-01-19,3.445,4.444999999999999
2015-01-20,3.42,4.43
2015-01-21,3.46,4.46
2015-01-22,3.5100000000000002,4.49
2015-01-23,3.39,4.41
2015-01-26,3.41,4.41
2015-01-27,3.42,4.42
2015-01-28,3.33,4.32
2015-01-29,3.35,4.3500000000000005
2015-01-30,3.29,4.29
2015-02-02,3.29,4.29
2015-02-03,3.42,4.4
2015-02-04,3.4299999999999997,4.41
2015-02-05,3.46,4.43
2015-02-06,3.52,4.5
2015-02-09,3.52,4.49
2015-02-10,3.64,4.54
2015-02-11,3.63,4.53
2015-02-12,3.64,4.53
2015-02-13,3.67,4.57
2015-02-16,3.725,4.62
2015-02-17,3.7800000000000002,4.67
2015-02-18,3.73,4.6000000000000005
2015-02-19,3.77,4.64
2015-02-20,3.7800000000000002,4.63
2015-02-23,3.6999999999999997,4.54
2015-02-24,3.65,4.48
2015-02-25,3.61,4.45
2015-02-26,3.6399999999999997,4.470000000000001
2015-02-27,3.64,4.46
2015-03-02,3.7,4.5600000000000005
2015-03-03,3.73,4.58
2015-03-04,3.73,4.58
2015-03-05,3.71,4.58
2015-03-06,3.81,4.69
2015-03-09,3.7800000000000002,4.66
2015-03-10,3.7,4.59
2015-03-11,3.67,4.5600000000000005
2015-03-12,3.67,4.5600000000000005
2015-03-13,3.6999999999999997,4.6000000000000005
2015-03-16,3.7,4.58
2015-03-17,3.67,4.55
2015-03-18,3.6,4.48
2015-03-19,3.58,4.48
2015-03-20,3.5500000000000003,4.44
2015-03-23,3.54,4.46
2015-03-24,3.5,4.41
2015-03-25,3.52,4.46
2015-03-26,3.61,4.5600000000000005
2015-03-27,3.5300000000000002,4.48
2015-03-30,3.5500000000000003,4.51
2015-03-31,3.52,4.489999999999999
2015-04-01,3.45,4.42
2015-04-02,3.49,4.47
2015-04-03,3.43,4.43
2015-04-06,3.51,4.5
2015-04-07,3.47,4.45
2015-04-08,3.45,4.43
2015-04-09,3.5300000000000002,4.5
2015-04-10,3.5300000000000002,4.49
2015-04-13,3.52,4.4799999999999995
2015-04-14,3.4699999999999998,4.4399999999999995
2015-04-15,3.48,4.45
2015-04-16,3.4699999999999998,4.45
2015-04-17,3.4299999999999997,4.3999999999999995
2015-04-20,3.5,4.45
2015-04-21,3.51,4.46
2015-04-22,3.58,4.52
2015-04-23,3.56,4.5
2015-04-24,3.55,4.49
2015-04-27,3.54,4.4799999999999995
2015-04-28,3.6,4.55
2015-04-29,3.69,4.64
2015-04-30,3.74,4.65
2015-05-01,3.82,4.7299999999999995
2015-05-04,3.86,4.77
2015-05-05,3.9,4.81
2015-05-06,3.98,4.89
2015-05-07,3.92,4.82
2015-05-08,3.9099999999999997,4.81
2015-05-11,4.03,4.9399999999999995
2015-05-12,4.01,4.93
2015-05-13,4.05,4.9799999999999995
2015-05-14,4.04,4.97
2015-05-15,3.9499999999999997,4.86
2015-05-18,4.05,4.96
2015-05-19,4.07,4.98
2015-05-20,4.09,4.99
2015-05-21,4.06,4.94
2015-05-22,4.07,4.95
2015-05-25,4.03,4.915
2015-05-26,3.98,4.87
2015-05-27,3.94,4.8500000000000005
2015-05-28,3.95,4.88
2015-05-29,3.94,4.84
2015-06-01,4.05,4.94
2015-06-02,4.11,5.0200000000000005
2015-06-03,4.1899999999999995,5.1
2015-06-04,4.12,5.03
2015-06-05,4.1899999999999995,5.1
2015-06-08,4.1899999999999995,5.09
2015-06-09,4.2299999999999995,5.1499999999999995
2015-06-10,4.26,5.2
2015-06-11,4.17,5.1
2015-06-12,4.16,5.09
2015-06-15,4.1899999999999995,5.09
2015-06-16,4.1499999999999995,5.06
2015-06-17,4.1499999999999995,5.08
2015-06-18,4.22,5.17
2015-06-19,4.14,5.08
2015-06-22,4.24,5.18
2015-06-23,4.28,5.24
2015-06-24,4.22,5.1899999999999995
2015-06-25,4.2299999999999995,5.2
2015-06-26,4.33,5.3
2015-06-29,4.1899999999999995,5.17
2015-06-30,4.19,5.18
2015-07-01,4.26,5.26
2015-07-02,4.26,5.26
2015-07-03,4.2,5.2
2015-07-06,4.14,5.14
2015-07-07,4.09,5.11
2015-07-08,4.07,5.09
2015-07-09,4.18,5.2
2015-07-10,4.29,5.32
2015-07-13,4.27,5.32
2015-07-14,4.26,5.32
2015-07-15,4.2,5.27
2015-07-16,4.1899999999999995,5.239999999999999
2015-07-17,4.16,5.21
2015-07-20,4.18,5.239999999999999
2015-07-21,4.18,5.22
2015-07-22,4.13,5.18
2015-07-23,4.08,5.13
2015-07-24,4.07,5.14
2015-07-27,4.04,5.13
2015-07-28,4.06,5.17
2015-07-29,4.09,5.1899999999999995
2015-07-30,4.05,5.159999999999999
2015-07-31,4.07,5.14
2015-08-03,3.99,5.08
2015-08-04,4.02,5.109999999999999
2015-08-05,4.08,5.18
2015-08-06,4.06,5.1499999999999995
2015-08-07,3.96,5.09
2015-08-10,4.06,5.17
2015-08-11,3.96,5.090000000000001
2015-08-12,4.0,5.11
2015-08-13,4.04,5.17
2015-08-14,4.03,5.17
2015-08-17,3.9899999999999998,5.130000000000001
2015-08-18,4.04,5.21
2015-08-19,4.0,5.180000000000001
2015-08-20,3.9699999999999998,5.130000000000001
2015-08-21,3.9499999999999997,5.15
2015-08-24,3.94,5.15
2015-08-25,4.08,5.29
2015-08-26,4.17,5.38
2015-08-27,4.14,5.33
2015-08-28,4.12,5.319999999999999
2015-08-31,4.15,5.36
2015-09-01,4.1499999999999995,5.35
2015-09-02,4.159999999999999,5.37
2015-09-03,4.13,5.35
2015-09-04,4.03,5.279999999999999
2015-09-07,4.07,5.319999999999999
2015-09-08,4.11,5.359999999999999
2015-09-09,4.09,5.31
2015-09-10,4.13,5.35
2015-09-11,4.04,5.31
2015-09-14,4.04,5.31
2015-09-15,4.18,5.4399999999999995
2015-09-16,4.18,5.449999999999999
2015-09-17,4.09,5.39
2015-09-18,3.99,5.279999999999999
2015-09-21,4.11,5.39
2015-09-22,4.01,5.29
2015-09-23,4.0,5.31
2015-09-24,3.99,5.29
2015-09-25,4.05,5.36
2015-09-28,3.9899999999999998,5.31
2015-09-29,3.9699999999999998,5.31
2015-09-30,4.0,5.3500000000000005
2015-10-01,3.98,5.36
2015-10-02,3.9499999999999997,5.33
2015-10-05,4.04,5.3999999999999995
2015-10-06,4.0,5.37
2015-10-07,3.98,5.35
2015-10-08,4.04,5.3999999999999995
2015-10-09,3.9899999999999998,5.38
2015-10-12,3.96,5.36
2015-10-13,3.9299999999999997,5.34
2015-10-14,3.9,5.3
2015-10-15,3.9299999999999997,5.33
2015-10-16,3.92,5.32
2015-10-19,3.94,5.34
2015-10-20,3.9499999999999997,5.37
2015-10-21,3.9,5.32
2015-10-22,3.89,5.3
2015-10-23,3.93,5.32
2015-10-26,3.9,5.29
2015-10-27,3.89,5.3
2015-10-28,3.91,5.3
2015-10-29,4.04,5.4
2015-10-30,3.98,5.3500000000000005
2015-11-02,4.01,5.38
2015-11-03,4.06,5.42
2015-11-04,4.05,5.41
2015-11-05,4.05,5.44
2015-11-06,4.1,5.51
2015-11-09,4.12,5.51
2015-11-10,4.11,5.5
2015-11-11,4.11,5.505
2015-11-12,4.11,5.51
2015-11-13,4.09,5.48
2015-11-16,4.11,5.51
2015-11-17,4.08,5.4799999999999995
2015-11-18,4.08,5.48
2015-11-19,4.04,5.44
2015-11-20,4.04,5.46
2015-11-23,4.01,5.44
2015-11-24,4.01,5.44
2015-11-25,4.0,5.44
2015-11-26,4.0,5.44
2015-11-27,4.0,5.44
2015-11-30,3.99,5.41
2015-12-01,3.92,5.36
2015-12-02,3.8899999999999997,5.35
2015-12-03,4.0600000000000005,5.51
2015-12-04,3.9899999999999998,5.43
2015-12-07,3.9499999999999997,5.38
2015-12-08,3.9499999999999997,5.43
2015-12-09,3.96,5.3999999999999995
2015-12-10,3.96,5.43
2015-12-11,3.91,5.37
2015-12-14,4.01,5.46
2015-12-15,4.0,5.49
2015-12-16,4.01,5.510000000000001
2015-12-17,3.94,5.45
2015-12-18,3.91,5.44
2015-12-21,3.9299999999999997,5.470000000000001
2015-12-22,3.9699999999999998,5.5
2015-12-23,3.9899999999999998,5.53
2015-12-24,3.96,5.470000000000001
2015-12-25,3.945,5.46
2015-12-28,3.9299999999999997,5.45
2015-12-29,4.04,5.54
2015-12-30,4.03,5.54
2015-12-31,4.04,5.5
2016-01-01,3.955,5.41
2016-01-04,4.03,5.48
2016-01-05,4.0200000000000005,5.5
2016-01-06,3.94,5.44
2016-01-07,3.9499999999999997,5.44
2016-01-08,3.9499999999999997,5.44
2016-01-11,3.9899999999999998,5.470000000000001
2016-01-12,3.92,5.41
2016-01-13,3.8899999999999997,5.36
2016-01-14,3.96,5.46
2016-01-15,3.9899999999999998,5.41
2016-01-18,3.9949999999999997,5.41
2016-01-19,4.0,5.41
2016-01-20,4.05,5.41
2016-01-21,4.06,5.47
2016-01-22,4.0200000000000005,5.49
2016-01-25,4.04,5.47
2016-01-26,4.03,5.47
2016-01-27,4.07,5.4799999999999995
2016-01-28,4.07,5.4799999999999995
2016-01-29,4.05,5.42
2016-02-01,4.08,5.46
2016-02-02,4.01,5.36
2016-02-03,4.0600000000000005,5.3999999999999995
2016-02-04,4.0,5.3999999999999995
2016-02-05,3.98,5.38
2016-02-08,3.87,5.28
2016-02-09,3.92,5.28
2016-02-10,3.92,5.27
2016-02-11,3.8899999999999997,5.26
2016-02-12,3.98,5.34
2016-02-15,3.995,5.3549999999999995
2016-02-16,4.01,5.37
2016-02-17,4.05,5.43
2016-02-18,4.01,5.37
2016-02-19,3.96,5.32
2016-02-22,3.9699999999999998,5.34
2016-02-23,3.9299999999999997,5.32
2016-02-24,3.9099999999999997,5.31
2016-02-25,3.85,5.2700000000000005
2016-02-26,3.88,5.32
2016-02-29,3.84,5.29
2016-03-01,3.9099999999999997,5.37
2016-03-02,3.9,5.34
2016-03-03,3.89,5.3
2016-03-04,3.92,5.3100000000000005
2016-03-07,3.9099999999999997,5.300000000000001
2016-03-08,3.85,5.21
2016-03-09,3.8899999999999997,5.260000000000001
2016-03-10,3.88,5.23
2016-03-11,3.86,5.24
2016-03-14,3.82,5.19
2016-03-15,3.79,5.16
2016-03-16,3.81,5.16
2016-03-17,3.79,5.11
2016-03-18,3.77,5.05
2016-03-21,3.83,5.07
2016-03-22,3.79,5.04
2016-03-23,3.74,4.95
2016-03-24,3.77,4.97
2016-03-25,3.755,4.955
2016-03-28,3.74,4.94
2016-03-29,3.71,4.9
2016-03-30,3.7600000000000002,4.94
2016-03-31,3.72,4.9
2016-04-01,3.72,4.89
2016-04-04,3.71,4.88
2016-04-05,3.63,4.8100000000000005
2016-04-06,3.64,4.84
2016-04-07,3.58,4.76
2016-04-08,3.6100000000000003,4.79
2016-04-11,3.6100000000000003,4.78
2016-04-12,3.65,4.82
2016-04-13,3.6,4.78
2016-04-14,3.62,4.79
2016-04-15,3.5900000000000003,4.75
2016-04-18,3.6100000000000003,4.7700000000000005
2016-04-19,3.52,4.75
2016-04-20,3.5700000000000003,4.78
2016-04-21,3.5700000000000003,4.79
2016-04-22,3.5900000000000003,4.78
2016-04-25,3.62,4.79
2016-04-26,3.65,4.79
2016-04-27,3.5900000000000003,4.73
2016-04-28,3.63,4.73
2016-04-29,3.63,4.6899999999999995
2016-05-02,3.68,4.74
2016-05-03,3.65,4.66
2016-05-04,3.66,4.64
2016-05-05,3.63,4.62
2016-05-06,3.67,4.66
2016-05-09,3.66,4.66
2016-05-10,3.65,4.66
2016-05-11,3.6100000000000003,4.63
2016-05-12,3.64,4.66
2016-05-13,3.5700000000000003,4.61
2016-05-16,3.62,4.65
2016-05-17,3.6100000000000003,4.65
2016-05-18,3.71,4.74
2016-05-19,3.66,4.7
2016-05-20,3.67,4.71
2016-05-23,3.68,4.7
2016-05-24,3.68,4.71
2016-05-25,3.69,4.74
2016-05-26,3.63,4.69
2016-05-27,3.65,4.7
2016-05-30,3.6799999999999997,4.7299999999999995
2016-05-31,3.63,4.68
2016-06-01,3.63,4.67
2016-06-02,3.5900000000000003,4.64
2016-06-03,3.5100000000000002,4.57
2016-06-06,3.54,4.59
2016-06-07,3.5300000000000002,4.58
2016-06-08,3.52,4.5600000000000005
2016-06-09,3.49,4.53
2016-06-10,3.48,4.5
2016-06-13,3.47,4.48
2016-06-14,3.45,4.5
2016-06-15,3.43,4.5
2016-06-16,3.4299999999999997,4.47
2016-06-17,3.4699999999999998,4.51
2016-06-20,3.5,4.54
2016-06-21,3.57,4.57
2016-06-22,3.56,4.55
2016-06-23,3.62,4.6
2016-06-24,3.55,4.550000000000001
2016-06-27,3.42,4.42
2016-06-28,3.42,4.41
2016-06-29,3.37,4.4
2016-06-30,3.3899999999999997,4.41
2016-07-01,3.3400000000000003,4.32
2016-07-04,3.285,4.265
2016-07-05,3.2199999999999998,4.2
2016-07-06,3.23,4.21
2016-07-07,3.2199999999999998,4.19
2016-07-08,3.1799999999999997,4.15
2016-07-11,3.2199999999999998,4.18
2016-07-12,3.3,4.23
2016-07-13,3.2399999999999998,4.17
2016-07-14,3.28,4.23
2016-07-15,3.33,4.26
2016-07-18,3.34,4.26
2016-07-19,3.31,4.23
2016-07-20,3.34,4.25
2016-07-21,3.35,4.25
2016-07-22,3.34,4.23
2016-07-25,3.3,4.23
2016-07-26,3.31,4.22
2016-07-27,3.29,4.19
2016-07-28,3.3,4.2
2016-07-29,3.25,4.17
2016-08-01,3.32,4.24
2016-08-02,3.37,4.3
2016-08-03,3.46,4.3100000000000005
2016-08-04,3.42,4.2700000000000005
2016-08-05,3.42,4.32
2016-08-08,3.4099999999999997,4.3
2016-08-09,3.37,4.25
2016-08-10,3.3,4.21
2016-08-11,3.33,4.2700000000000005
2016-08-12,3.28,4.22
2016-08-15,3.33,4.25
2016-08-16,3.34,4.2700000000000005
2016-08-17,3.31,4.25
2016-08-18,3.28,4.23
2016-08-19,3.3,4.25
2016-08-22,3.25,4.2
2016-08-23,3.25,4.19
2016-08-24,3.25,4.2
2016-08-25,3.27,4.21
2016-08-26,3.3,4.25
2016-08-29,3.2199999999999998,4.16
2016-08-30,3.2399999999999998,4.19
2016-08-31,3.2399999999999998,4.19
2016-09-01,3.2399999999999998,4.19
2016-09-02,3.28,4.23
2016-09-05,3.265,4.21
2016-09-06,3.25,4.19
2016-09-07,3.28,4.19
2016-09-08,3.36,4.28
2016-09-09,3.4299999999999997,4.34
2016-09-12,3.4299999999999997,4.36
2016-09-13,3.51,4.430000000000001
2016-09-14,3.5,4.4
2016-09-15,3.52,4.430000000000001
2016-09-16,3.51,4.41
2016-09-19,3.5,4.4
2016-09-20,3.5,4.390000000000001
2016-09-21,3.4699999999999998,4.36
2016-09-22,3.44,4.32
2016-09-23,3.44,4.3
2016-09-26,3.4299999999999997,4.29
2016-09-27,3.39,4.25
2016-09-28,3.39,4.26
2016-09-29,3.37,4.23
2016-09-30,3.44,4.29
2016-10-03,3.4299999999999997,4.29
2016-10-04,3.4899999999999998,4.3500000000000005
2016-10-05,3.51,4.36
2016-10-06,3.53,4.36
2016-10-07,3.5,4.36
2016-10-10,3.505,4.36
2016-10-11,3.52,4.37
2016-10-12,3.5100000000000002,4.39
2016-10-13,3.48,4.34
2016-10-14,3.56,4.43
2016-10-17,3.52,4.39
2016-10-18,3.48,4.37
2016-10-19,3.47,4.38
2016-10-20,3.46,4.35
2016-10-21,3.45,4.34
2016-10-24,3.48,4.36
2016-10-25,3.47,4.35
2016-10-26,3.52,4.39
2016-10-27,3.5900000000000003,4.44
2016-10-28,3.64,4.46
2016-10-31,3.61,4.449999999999999
2016-11-01,3.6,4.44
2016-11-02,3.6100000000000003,4.44
2016-11-03,3.6500000000000004,4.49
2016-11-04,3.62,4.46
2016-11-07,3.67,4.49
2016-11-08,3.7,4.5
2016-11-09,3.85,4.73
2016-11-10,3.87,4.75
2016-11-11,3.92,4.79
2016-11-14,3.97,4.83
2016-11-15,3.91,4.82
2016-11-16,3.8600000000000003,4.7700000000000005
2016-11-17,3.96,4.83
2016-11-18,3.99,4.86
2016-11-21,4.0,4.8500000000000005
2016-11-22,4.01,4.84
2016-11-23,4.02,4.8500000000000005
2016-11-24,4.02,4.845000000000001
2016-11-25,4.02,4.84
2016-11-28,3.98,4.79
2016-11-29,3.95,4.76
2016-11-30,4.01,4.819999999999999
2016-12-01,4.08,4.87
2016-12-02,4.03,4.82
2016-12-05,4.02,4.8100000000000005
2016-12-06,4.04,4.83
2016-12-07,4.0,4.78
2016-12-08,4.05,4.83
2016-12-09,4.12,4.9
2016-12-12,4.11,4.9
2016-12-13,4.09,4.87
2016-12-14,4.08,4.86
2016-12-15,4.07,4.84
2016-12-16,4.11,4.88
2016-12-19,4.05,4.82
2016-12-20,4.09,4.8500000000000005
2016-12-21,4.05,4.8100000000000005
2016-12-22,4.06,4.82
2016-12-23,4.04,4.8
2016-12-26,4.055,4.8100000000000005
2016-12-27,4.07,4.82
2016-12-28,4.01,4.7700000000000005
2016-12-29,4.01,4.76
2016-12-30,3.9800000000000004,4.7299999999999995
2017-01-02,3.9050000000000002,4.669999999999999
2017-01-03,3.94,4.72
2017-01-04,3.93,4.71
2017-01-05,3.85,4.62
2017-01-06,3.91,4.66
2017-01-09,3.8800000000000003,4.62
2017-01-10,3.87,4.62
2017-01-11,3.8400000000000003,4.6
2017-01-12,3.8600000000000003,4.61
2017-01-13,3.9000000000000004,4.63
2017-01-16,3.87,4.61
2017-01-17,3.8400000000000003,4.59
2017-01-18,3.91,4.64
2017-01-19,3.95,4.68
2017-01-20,3.97,4.69
2017-01-23,3.91,4.62
2017-01-24,3.96,4.69
2017-01-25,4.02,4.74
2017-01-26,4.0,4.71
2017-01-27,3.95,4.68
2017-01-30,3.95,4.7
2017-01-31,3.99,4.68
2017-02-01,4.01,4.71
2017-02-02,4.0,4.71
2017-02-03,4.04,4.73
2017-02-06,3.97,4.67
2017-02-07,3.96,4.64
2017-02-08,3.91,4.59
2017-02-09,3.94,4.64
2017-02-10,3.97,4.64
2017-02-13,3.98,4.66
2017-02-14,4.0,4.68
2017-02-15,4.01,4.7
2017-02-16,3.98,4.65
2017-02-17,3.95,4.63
2017-02-20,3.95,4.63
2017-02-21,3.95,4.63
2017-02-22,3.94,4.63
2017-02-23,3.91,4.61
2017-02-24,3.85,4.54
2017-02-27,3.87,4.57
2017-02-28,3.84,4.55
2017-03-01,3.95,4.64
2017-03-02,3.95,4.65
2017-03-03,3.95,4.65
2017-03-06,3.98,4.66
2017-03-07,4.0,4.67
2017-03-08,4.07,4.72
2017-03-09,4.11,4.7700000000000005
2017-03-10,4.11,4.76
2017-03-13,4.13,4.79
2017-03-14,4.13,4.78
2017-03-15,4.07,4.71
2017-03-16,4.08,4.74
2017-03-17,4.06,4.72
2017-03-20,4.03,4.7
2017-03-21,3.99,4.66
2017-03-22,3.96,4.63
2017-03-23,3.97,4.65
2017-03-24,3.94,4.62
2017-03-27,3.92,4.61
2017-03-28,3.95,4.64
2017-03-29,3.92,4.62
2017-03-30,3.94,4.65
2017-03-31,3.94,4.64
2017-04-03,3.91,4.61
2017-04-04,3.93,4.62
2017-04-05,3.94,4.63
2017-04-06,3.92,4.61
2017-04-07,3.93,4.62
2017-04-10,3.91,4.61
2017-04-11,3.85,4.56
2017-04-12,3.85,4.56
2017-04-13,3.83,4.52
2017-04-14,3.845,4.535
2017-04-17,3.8600000000000003,4.55
2017-04-18,3.77,4.47
2017-04-19,3.8000000000000003,4.5
2017-04-20,3.8200000000000003,4.52
2017-04-21,3.83,4.53
2017-04-24,3.85,4.56
2017-04-25,3.89,4.61
2017-04-26,3.8800000000000003,4.59
2017-04-27,3.87,4.58
2017-04-28,3.85,4.57
2017-05-01,3.92,4.62
2017-05-02,3.8800000000000003,4.59
2017-05-03,3.85,4.56
2017-05-04,3.89,4.61
2017-05-05,3.9000000000000004,4.6
2017-05-08,3.92,4.62
2017-05-09,3.94,4.64
2017-05-10,3.94,4.63
2017-05-11,3.92,4.63
2017-05-12,3.8600000000000003,4.58
2017-05-15,3.87,4.59
2017-05-16,3.85,4.57
2017-05-17,3.77,4.4799999999999995
2017-05-18,3.7800000000000002,4.49
2017-05-19,3.8000000000000003,4.49
2017-05-22,3.81,4.49
2017-05-23,3.8400000000000003,4.51
2017-05-24,3.83,4.51
2017-05-25,3.8200000000000003,4.49
2017-05-26,3.81,4.49
2017-05-29,3.795,4.475
2017-05-30,3.7800000000000002,4.46
2017-05-31,3.75,4.4399999999999995
2017-06-01,3.7600000000000002,4.45
2017-06-02,3.7,4.39
2017-06-05,3.72,4.42
2017-06-06,3.69,4.39
2017-06-07,3.73,4.41
2017-06-08,3.74,4.42
2017-06-09,3.74,4.42
2017-06-12,3.7600000000000002,4.43
2017-06-13,3.7600000000000002,4.42
2017-06-14,3.66,4.34
2017-06-15,3.67,4.34
2017-06-16,3.67,4.35
2017-06-19,3.67,4.36
2017-06-20,3.6100000000000003,4.32
2017-06-21,3.5999999999999996,4.31
2017-06-22,3.5999999999999996,4.31
2017-06-23,3.5999999999999996,4.3
2017-06-26,3.58,4.29
2017-06-27,3.62,4.33
2017-06-28,3.66,4.36
2017-06-29,3.6799999999999997,4.38
2017-06-30,3.71,4.4
2017-07-03,3.7199999999999998,4.42
2017-07-04,3.7199999999999998,4.415
2017-07-05,3.7199999999999998,4.41
2017-07-06,3.75,4.4399999999999995
2017-07-07,3.79,4.47
2017-07-10,3.7800000000000002,4.46
2017-07-11,3.74,4.45
2017-07-12,3.7199999999999998,4.42
2017-07-13,3.75,4.4399999999999995
2017-07-14,3.71,4.42
2017-07-17,3.6899999999999995,4.4
2017-07-18,3.6500000000000004,4.35
2017-07-19,3.6500000000000004,4.34
2017-07-20,3.63,4.32
2017-07-21,3.6100000000000003,4.29
2017-07-24,3.6100000000000003,4.32
2017-07-25,3.6899999999999995,4.38
2017-07-26,3.6799999999999997,4.36
2017-07-27,3.71,4.39
2017-07-28,3.6799999999999997,4.35
2017-07-31,3.6799999999999997,4.36
2017-08-01,3.6399999999999997,4.32
2017-08-02,3.63,4.32
2017-08-03,3.5999999999999996,4.29
2017-08-04,3.6500000000000004,4.32
2017-08-07,3.6500000000000004,4.32
2017-08-08,3.6799999999999997,4.36
2017-08-09,3.63,4.33
2017-08-10,3.62,4.31
2017-08-11,3.63,4.31
2017-08-14,3.6500000000000004,4.33
2017-08-15,3.6799999999999997,4.36
2017-08-16,3.6399999999999997,4.32
2017-08-17,3.6399999999999997,4.3
2017-08-18,3.6399999999999997,4.31
2017-08-21,3.62,4.3
2017-08-22,3.66,4.32
2017-08-23,3.62,4.29
2017-08-24,3.6399999999999997,4.31
2017-08-25,3.62,4.29
2017-08-28,3.62,4.29
2017-08-29,3.62,4.28
2017-08-30,3.62,4.29
2017-08-31,3.59,4.26
2017-09-01,3.6399999999999997,4.31
2017-09-04,3.6050000000000004,4.27
2017-09-05,3.5700000000000003,4.2299999999999995
2017-09-06,3.6100000000000003,4.27
2017-09-07,3.5999999999999996,4.22
2017-09-08,3.5999999999999996,4.2299999999999995
2017-09-11,3.6500000000000004,4.29
2017-09-12,3.66,4.33
2017-09-13,3.67,4.33
2017-09-14,3.6500000000000004,4.31
2017-09-15,3.63,4.3
2017-09-18,3.67,4.33
2017-09-19,3.67,4.33
2017-09-20,3.67,4.34
2017-09-21,3.62,4.32
2017-09-22,3.62,4.31
2017-09-25,3.58,4.28
2017-09-26,3.58,4.28
2017-09-27,3.6399999999999997,4.37
2017-09-28,3.6399999999999997,4.36
2017-09-29,3.62,4.33
2017-10-02,3.6100000000000003,4.33
2017-10-03,3.6100000000000003,4.33
2017-10-04,3.59,4.34
2017-10-05,3.6100000000000003,4.35
2017-10-06,3.63,4.35
2017-10-09,3.62,4.335
2017-10-10,3.6100000000000003,4.32
2017-10-11,3.5999999999999996,4.32
2017-10-12,3.58,4.3
2017-10-13,3.54,4.25
2017-10-16,3.5599999999999996,4.27
2017-10-17,3.54,4.25
2017-10-18,3.58,4.29
2017-10-19,3.55,4.27
2017-10-20,3.5999999999999996,4.33
2017-10-23,3.5999999999999996,4.32
2017-10-24,3.63,4.34
2017-10-25,3.6399999999999997,4.37
2017-10-26,3.6500000000000004,4.37
2017-10-27,3.63,4.35
2017-10-30,3.58,4.29
2017-10-31,3.58,4.29
2017-11-01,3.5599999999999996,4.29
2017-11-02,3.5300000000000002,4.26
2017-11-03,3.5300000000000002,4.25
2017-11-06,3.51,4.24
2017-11-07,3.5,4.22
2017-11-08,3.5700000000000003,4.24
2017-11-09,3.5999999999999996,4.26
2017-11-10,3.6449999999999996,4.295
2017-11-13,3.6899999999999995,4.33
2017-11-14,3.66,4.31
2017-11-15,3.5999999999999996,4.28
2017-11-16,3.62,4.29
2017-11-17,3.6100000000000003,4.28
2017-11-20,3.5999999999999996,4.28
2017-11-21,3.5599999999999996,4.24
2017-11-22,3.5199999999999996,4.2299999999999995
2017-11-23,3.5250000000000004,4.235
2017-11-24,3.5300000000000002,4.24
2017-11-27,3.5300000000000002,4.25
2017-11-28,3.55,4.25
2017-11-29,3.5999999999999996,4.29
2017-11-30,3.6100000000000003,4.3
2017-12-01,3.5199999999999996,4.24
2017-12-04,3.5199999999999996,4.24
2017-12-05,3.4799999999999995,4.2
2017-12-06,3.4799999999999995,4.1899999999999995
2017-12-07,3.5300000000000002,4.25
2017-12-08,3.54,4.25
2017-12-11,3.5199999999999996,4.24
2017-12-12,3.52,4.24
2017-12-13,3.48,4.1899999999999995
2017-12-14,3.46,4.17
2017-12-15,3.4299999999999997,4.15
2017-12-18,3.48,4.199999999999999
2017-12-19,3.56,4.27
2017-12-20,3.6,4.3100000000000005
2017-12-21,3.55,4.27
2017-12-22,3.55,4.27
2017-12-25,3.54,4.26
2017-12-26,3.53,4.25
2017-12-27,3.4699999999999998,4.18
2017-12-28,3.48,4.1899999999999995
2017-12-29,3.45,4.17
2018-01-01,3.4400000000000004,4.16
2018-01-02,3.52,4.24
2018-01-03,3.5,4.21
2018-01-04,3.4699999999999998,4.21
2018-01-05,3.5,4.23
2018-01-08,3.5,4.23
2018-01-09,3.57,4.29
2018-01-10,3.58,4.279999999999999
2018-01-11,3.53,4.23
2018-01-12,3.5,4.23
2018-01-15,3.495,4.215
2018-01-16,3.4899999999999998,4.199999999999999
2018-01-17,3.5,4.23
2018-01-18,3.54,4.26
2018-01-19,3.58,4.279999999999999
2018-01-22,3.6,4.3
2018-01-23,3.57,4.27
2018-01-24,3.61,4.3
2018-01-25,3.55,4.24
2018-01-26,3.58,4.26
2018-01-29,3.59,4.29
2018-01-30,3.63,4.32
2018-01-31,3.59,4.28
2018-02-01,3.62,4.34
2018-02-02,3.73,4.42
2018-02-05,3.6999999999999997,4.4
2018-02-06,3.6999999999999997,4.4
2018-02-07,3.76,4.46
2018-02-08,3.79,4.48
2018-02-09,3.82,4.5
2018-02-12,3.83,4.5
2018-02-13,3.84,4.52
2018-02-14,3.88,4.57
2018-02-15,3.87,4.529999999999999
2018-02-16,3.87,4.529999999999999
2018-02-19,3.88,4.54
2018-02-20,3.89,4.55
2018-02-21,3.9499999999999997,4.609999999999999
2018-02-22,3.9,4.6
2018-02-23,3.89,4.5600000000000005
2018-02-26,3.88,4.5600000000000005
2018-02-27,3.9,4.59
2018-02-28,3.8400000000000003,4.550000000000001
2018-03-01,3.82,4.529999999999999
2018-03-02,3.9,4.58
2018-03-05,3.91,4.6
2018-03-06,3.88,4.63
2018-03-07,3.9,4.66
2018-03-08,3.88,4.640000000000001
2018-03-09,3.9,4.67
2018-03-12,3.87,4.66
2018-03-13,3.86,4.640000000000001
2018-03-14,3.85,4.609999999999999
2018-03-15,3.8600000000000003,4.63
2018-03-16,3.87,4.64
2018-03-19,3.8499999999999996,4.65
2018-03-20,3.87,4.68
2018-03-21,3.91,4.71
2018-03-22,3.8600000000000003,4.67
2018-03-23,3.88,4.6899999999999995
2018-03-26,3.8899999999999997,4.6899999999999995
2018-03-27,3.83,4.64
2018-03-28,3.8200000000000003,4.63
2018-03-29,3.7699999999999996,4.59
2018-03-30,3.7649999999999997,4.58
2018-04-02,3.7800000000000002,4.59
2018-04-03,3.81,4.63
2018-04-04,3.81,4.640000000000001
2018-04-05,3.83,4.67
2018-04-06,3.78,4.609999999999999
2018-04-09,3.76,4.609999999999999
2018-04-10,3.77,4.6
2018-04-11,3.75,4.59
2018-04-12,3.79,4.62
2018-04-13,3.79,4.609999999999999
2018-04-16,3.79,4.6
2018-04-17,3.76,4.58
2018-04-18,3.81,4.63
2018-04-19,3.89,4.6899999999999995
2018-04-20,3.9000000000000004,4.74
2018-04-23,3.9400000000000004,4.74
2018-04-24,3.9400000000000004,4.77
2018-04-25,3.99,4.83
2018-04-26,3.99,4.8
2018-04-27,3.9400000000000004,4.76
2018-04-30,3.9499999999999997,4.74
2018-05-01,3.99,4.79
2018-05-02,3.99,4.8
2018-05-03,4.0,4.8
2018-05-04,4.01,4.81
2018-05-07,4.01,4.82
2018-05-08,4.02,4.84
2018-05-09,4.04,4.86
2018-05-10,3.99,4.81
2018-05-11,3.9799999999999995,4.79
2018-05-14,3.99,4.81
2018-05-15,4.07,4.89
2018-05-16,4.06,4.89
2018-05-17,4.08,4.93
2018-05-18,4.04,4.89
2018-05-21,4.05,4.89
2018-05-22,4.05,4.89
2018-05-23,4.02,4.85
2018-05-24,3.9799999999999995,4.82
2018-05-25,3.9299999999999997,4.78
2018-05-28,3.8899999999999997,4.755
2018-05-29,3.8499999999999996,4.7299999999999995
2018-05-30,3.8899999999999997,4.75
2018-05-31,3.8499999999999996,4.72
2018-06-01,3.92,4.79
2018-06-04,3.96,4.82
2018-06-05,3.95,4.82
2018-06-06,4.0,4.88
2018-06-07,3.95,4.82
2018-06-08,3.96,4.83
2018-06-11,3.96,4.85
2018-06-12,3.9699999999999998,4.84
2018-06-13,3.9799999999999995,4.85
2018-06-14,3.92,4.82
2018-06-15,3.9099999999999997,4.8
2018-06-18,3.94,4.82
2018-06-19,3.9299999999999997,4.8
2018-06-20,3.9899999999999998,4.85
2018-06-21,3.98,4.85
2018-06-22,3.9899999999999998,4.87
2018-06-25,3.98,4.859999999999999
2018-06-26,3.98,4.87
2018-06-27,3.9299999999999997,4.81
2018-06-28,3.9299999999999997,4.84
2018-06-29,3.9299999999999997,4.84
2018-07-02,3.9299999999999997,4.84
2018-07-03,3.9,4.82
2018-07-04,3.8949999999999996,4.805
2018-07-05,3.8899999999999997,4.79
2018-07-06,3.88,4.78
2018-07-09,3.8499999999999996,4.79
2018-07-10,3.8499999999999996,4.78
2018-07-11,3.82,4.76
2018-07-12,3.8099999999999996,4.75
2018-07-13,3.8,4.7299999999999995
2018-07-16,3.82,4.76
2018-07-17,3.84,4.76
2018-07-18,3.8499999999999996,4.77
2018-07-19,3.83,4.74
2018-07-20,3.9,4.8
2018-07-23,3.96,4.87
2018-07-24,3.91,4.83
2018-07-25,3.9,4.81
2018-07-26,3.92,4.83
2018-07-27,3.9,4.8
2018-07-30,3.91,4.82
2018-07-31,3.8899999999999997,4.79
2018-08-01,3.9399999999999995,4.83
2018-08-02,3.91,4.82
2018-08-03,3.8899999999999997,4.79
2018-08-06,3.87,4.76
2018-08-07,3.9,4.8
2018-08-08,3.9399999999999995,4.8
2018-08-09,3.92,4.78
2018-08-10,3.86,4.74
2018-08-13,3.92,4.79
2018-08-14,3.92,4.79
2018-08-15,3.88,4.76
2018-08-16,3.8899999999999997,4.76
2018-08-17,3.87,4.76
2018-08-20,3.83,4.71
2018-08-21,3.8499999999999996,4.73
2018-08-22,3.84,4.73
2018-08-23,3.84,4.72
2018-08-24,3.83,4.72
2018-08-27,3.86,4.74
2018-08-28,3.9,4.779999999999999
2018-08-29,3.88,4.77
2018-08-30,3.9,4.76
2018-08-31,3.91,4.78
2018-09-03,3.9400000000000004,4.805
2018-09-04,3.98,4.84
2018-09-05,3.9699999999999998,4.85
2018-09-06,3.94,4.8100000000000005
2018-09-07,3.9899999999999998,4.87
2018-09-10,3.9499999999999997,4.859999999999999
2018-09-11,3.9699999999999998,4.88
2018-09-12,3.94,4.859999999999999
2018-09-13,3.92,4.84
2018-09-14,3.94,4.87
2018-09-17,3.94,4.87
2018-09-18,4.02,4.93
2018-09-19,4.04,4.96
2018-09-20,3.9899999999999998,4.92
2018-09-21,3.9899999999999998,4.9
2018-09-24,4.0,4.92
2018-09-25,4.02,4.93
2018-09-26,3.99,4.9
2018-09-27,3.9800000000000004,4.890000000000001
2018-09-28,3.99,4.890000000000001
2018-10-01,4.0200000000000005,4.92
2018-10-02,3.9800000000000004,4.890000000000001
2018-10-03,4.0600000000000005,4.98
2018-10-04,4.11,5.03
2018-10-05,4.17,5.08
2018-10-08,4.155,5.0649999999999995
2018-10-09,4.140000000000001,5.050000000000001
2018-10-10,4.16,5.08
2018-10-11,4.09,5.02
2018-10-12,4.12,5.03
2018-10-15,4.140000000000001,5.050000000000001
2018-10-16,4.09,5.04
2018-10-17,4.13,5.07
2018-10-18,4.16,5.09
2018-10-19,4.18,5.12
2018-10-22,4.1899999999999995,5.12
2018-10-23,4.19,5.130000000000001
2018-10-24,4.16,5.09
2018-10-25,4.2,5.12
2018-10-26,4.18,5.1
2018-10-29,4.18,5.1
2018-10-30,4.23,5.15
2018-10-31,4.27,5.18
2018-11-01,4.28,5.18
2018-11-02,4.27,5.24
2018-11-05,4.25,5.220000000000001
2018-11-06,4.24,5.2
2018-11-07,4.23,5.18
2018-11-08,4.2,5.2
2018-11-09,4.16,5.17
2018-11-12,4.18,5.17
2018-11-13,4.21,5.18
2018-11-14,4.21,5.21
2018-11-15,4.25,5.24
2018-11-16,4.21,5.21
2018-11-19,4.21,5.220000000000001
2018-11-20,4.220000000000001,5.23
2018-11-21,4.19,5.23
2018-11-22,4.1850000000000005,5.23
2018-11-23,4.18,5.23
2018-11-26,4.18,5.23
2018-11-27,4.18,5.26
2018-11-28,4.23,5.28
2018-11-29,4.21,5.29
2018-11-30,4.220000000000001,5.28
2018-12-03,4.17,5.24
2018-12-04,4.09,5.16
2018-12-05,4.085,5.16
2018-12-06,4.08,5.16
2018-12-07,4.0600000000000005,5.16
2018-12-10,4.08,5.16
2018-12-11,4.03,5.15
2018-12-12,4.01,5.15
2018-12-13,4.01,5.16
2018-12-14,4.02,5.140000000000001
2018-12-17,3.99,5.11
2018-12-18,3.95,5.08
2018-12-19,3.89,5.04
2018-12-20,3.95,5.07
2018-12-21,3.9699999999999998,5.1
2018-12-24,3.96,5.09
2018-12-25,3.985,5.115
2018-12-26,4.01,5.140000000000001
2018-12-27,4.01,5.13
2018-12-28,4.02,5.16
2018-12-31,3.99,5.140000000000001
2019-01-01,3.9699999999999998,5.125
2019-01-02,3.95,5.109999999999999
2019-01-03,3.91,5.04
2019-01-04,3.98,5.12
2019-01-07,3.96,5.12
2019-01-08,3.9699999999999998,5.12
2019-01-09,3.96,5.13
2019-01-10,3.98,5.16
2019-01-11,3.96,5.13
2019-01-14,4.0,5.17
2019-01-15,3.99,5.18
2019-01-16,4.0,5.18
2019-01-17,4.0,5.18
2019-01-18,3.96,5.17
2019-01-21,3.94,5.145
2019-01-22,3.92,5.12
2019-01-23,3.8899999999999997,5.13
2019-01-24,3.86,5.09
2019-01-25,3.86,5.1
2019-01-28,3.87,5.109999999999999
2019-01-29,3.8499999999999996,5.08
2019-01-30,3.8499999999999996,5.07
2019-01-31,3.79,5.01
2019-02-01,3.8099999999999996,5.01
2019-02-04,3.83,5.029999999999999
2019-02-05,3.79,4.98
2019-02-06,3.78,4.98
2019-02-07,3.75,4.96
2019-02-08,3.77,4.93
2019-02-11,3.76,4.949999999999999
2019-02-12,3.8,4.98
2019-02-13,3.78,4.98
2019-02-14,3.77,4.96
2019-02-15,3.76,4.9399999999999995
2019-02-18,3.75,4.9350000000000005
2019-02-19,3.74,4.93
2019-02-20,3.76,4.88
2019-02-21,3.8099999999999996,4.92
2019-02-22,3.8099999999999996,4.9
2019-02-25,3.8,4.9
2019-02-26,3.78,4.88
2019-02-27,3.8499999999999996,4.9399999999999995
2019-02-28,3.86,4.949999999999999
2019-03-01,3.9,4.98
2019-03-04,3.87,4.9399999999999995
2019-03-05,3.87,4.9399999999999995
2019-03-06,3.86,4.9399999999999995
2019-03-07,3.82,4.890000000000001
2019-03-08,3.82,4.890000000000001
2019-03-11,3.8499999999999996,4.91
2019-03-12,3.8,4.859999999999999
2019-03-13,3.8,4.87
2019-03-14,3.84,4.9
2019-03-15,3.82,4.87
2019-03-18,3.82,4.87
2019-03-19,3.82,4.88
2019-03-20,3.7800000000000002,4.83
2019-03-21,3.75,4.82
2019-03-22,3.67,4.74
2019-03-25,3.67,4.71
2019-03-26,3.6399999999999997,4.71
2019-03-27,3.62,4.67
2019-03-28,3.6100000000000003,4.66
2019-03-29,3.62,4.67
2019-04-01,3.68,4.73
2019-04-02,3.66,4.720000000000001
2019-04-03,3.6900000000000004,4.75
2019-04-04,3.7,4.73
2019-04-05,3.67,4.720000000000001
2019-04-08,3.6900000000000004,4.73
2019-04-09,3.67,4.7
2019-04-10,3.6500000000000004,4.6899999999999995
2019-04-11,3.68,4.71
2019-04-12,3.71,4.71
2019-04-15,3.68,4.7
2019-04-16,3.7300000000000004,4.720000000000001
2019-04-17,3.7199999999999998,4.72
2019-04-18,3.6900000000000004,4.6899999999999995
2019-04-19,3.725,4.715
2019-04-22,3.75,4.73
2019-04-23,3.73,4.71
2019-04-24,3.69,4.67
2019-04-25,3.69,4.68
2019-04-26,3.69,4.640000000000001
2019-04-29,3.71,4.67
2019-04-30,3.71,4.65
2019-05-01,3.68,4.630000000000001
2019-05-02,3.7600000000000002,4.67
2019-05-03,3.73,4.65
2019-05-06,3.7199999999999998,4.65
2019-05-07,3.7,4.62
2019-05-08,3.7,4.66
2019-05-09,3.73,4.66
2019-05-10,3.7199999999999998,4.67
2019-05-13,3.71,4.65
2019-05-14,3.71,4.66
2019-05-15,3.69,4.63
2019-05-16,3.68,4.640000000000001
2019-05-17,3.68,4.630000000000001
2019-05-20,3.7,4.65
2019-05-21,3.7,4.66
2019-05-22,3.6799999999999997,4.65
2019-05-23,3.6399999999999997,4.59
2019-05-24,3.6399999999999997,4.63
2019-05-27,3.62,4.6
2019-05-28,3.6100000000000003,4.58
2019-05-29,3.59,4.58
2019-05-30,3.55,4.550000000000001
2019-05-31,3.51,4.51
2019-06-03,3.5,4.49
2019-06-04,3.5199999999999996,4.54
2019-06-05,3.54,4.57
2019-06-06,3.5300000000000002,4.5600000000000005
2019-06-07,3.4800000000000004,4.51
2019-06-10,3.49,4.54
2019-06-11,3.49,4.53
2019-06-12,3.51,4.54
2019-06-13,3.4800000000000004,4.52
2019-06-14,3.4899999999999998,4.51
2019-06-17,3.45,4.5
2019-06-18,3.4000000000000004,4.46
2019-06-19,3.39,4.4399999999999995
2019-06-20,3.33,4.390000000000001
2019-06-21,3.36,4.42
2019-06-24,3.3,4.35
2019-06-25,3.32,4.34
2019-06-26,3.32,4.37
2019-06-27,3.27,4.32
2019-06-28,3.25,4.31
2019-07-01,3.27,4.32
2019-07-02,3.23,4.27
2019-07-03,3.18,4.220000000000001
2019-07-04,3.215,4.255
2019-07-05,3.26,4.3
2019-07-08,3.24,4.28
2019-07-09,3.2600000000000002,4.29
2019-07-10,3.3000000000000003,4.32
2019-07-11,3.37,4.38
2019-07-12,3.34,4.37
2019-07-15,3.3499999999999996,4.34
2019-07-16,3.37,4.36
2019-07-17,3.3000000000000003,4.3
2019-07-18,3.31,4.3100000000000005
2019-07-19,3.31,4.3100000000000005
2019-07-22,3.3,4.29
2019-07-23,3.31,4.31
2019-07-24,3.29,4.2
2019-07-25,3.31,4.22
2019-07-26,3.31,4.21
2019-07-29,3.29,4.1899999999999995
2019-07-30,3.29,4.2
2019-07-31,3.26,4.15
2019-08-01,3.1900000000000004,4.07
2019-08-02,3.17,4.04
2019-08-05,3.15,3.99
2019-08-06,3.15,3.98
2019-08-07,3.09,3.9400000000000004
2019-08-08,3.09,3.97
2019-08-09,3.09,3.97
2019-08-12,3.0100000000000002,3.88
2019-08-13,3.0100000000000002,3.9000000000000004
2019-08-14,2.95,3.8200000000000003
2019-08-15,2.9,3.79
2019-08-16,2.91,3.8099999999999996
2019-08-19,2.9499999999999997,3.8899999999999997
2019-08-20,2.8899999999999997,3.8499999999999996
2019-08-21,2.89,3.84
2019-08-22,2.93,3.87
2019-08-23,2.88,3.79
2019-08-26,2.9000000000000004,3.81
2019-08-27,2.83,3.75
2019-08-28,2.81,3.7300000000000004
2019-08-29,2.8600000000000003,3.77
2019-08-30,2.8499999999999996,3.76
2019-09-02,2.855,3.755
2019-09-03,2.86,3.75
2019-09-04,2.86,3.76
2019-09-05,2.94,3.8499999999999996
2019-09-06,2.91,3.81
2019-09-09,2.9899999999999998,3.86
2019-09-10,3.07,3.94
2019-09-11,3.09,3.9699999999999998
2019-09-12,3.1399999999999997,4.01
2019-09-13,3.25,4.11
2019-09-16,3.18,4.04
2019-09-17,3.1399999999999997,4.02
2019-09-18,3.1,3.98
2019-09-19,3.07,3.96
2019-09-20,3.03,3.9299999999999997
2019-09-23,3.02,3.8899999999999997
2019-09-24,2.94,3.84
2019-09-25,3.05,3.9299999999999997
2019-09-26,2.99,3.88
2019-09-27,3.0,3.88
2019-09-30,3.01,3.88
2019-10-01,2.9699999999999998,3.87
2019-10-02,2.99,3.86
2019-10-03,2.9400000000000004,3.83
2019-10-04,2.88,3.81
2019-10-07,2.92,3.84
2019-10-08,2.95,3.84
2019-10-09,2.95,3.88
2019-10-10,3.02,3.9400000000000004
2019-10-11,3.06,3.9800000000000004
2019-10-14,3.02,3.9400000000000004
2019-10-15,3.0599999999999996,3.98
2019-10-16,3.05,3.9699999999999998
2019-10-17,3.04,3.97
2019-10-18,3.0300000000000002,3.97
2019-10-21,3.04,3.99
2019-10-22,3.02,3.95
2019-10-23,3.01,3.95
2019-10-24,3.0,3.94
2019-10-25,3.04,3.96
2019-10-28,3.08,4.01
2019-10-29,3.0700000000000003,3.99
2019-10-30,3.0700000000000003,3.95
2019-10-31,2.99,3.87
2019-11-01,3.02,3.8899999999999997
2019-11-04,3.0700000000000003,3.95
2019-11-05,3.1100000000000003,4.01
2019-11-06,3.06,3.95
2019-11-07,3.1500000000000004,4.05
2019-11-08,3.17,4.05
2019-11-11,3.1550000000000002,4.035
2019-11-12,3.14,4.0200000000000005
2019-11-13,3.14,3.99
2019-11-14,3.08,3.95
2019-11-15,3.1,3.9699999999999998
2019-11-18,3.08,3.95
2019-11-19,3.04,3.92
2019-11-20,3.0300000000000002,3.8899999999999997
2019-11-21,3.04,3.92
2019-11-22,3.0300000000000002,3.91
2019-11-25,2.99,3.8899999999999997
2019-11-26,2.95,3.8499999999999996
2019-11-27,2.94,3.8600000000000003
2019-11-28,2.94,3.8549999999999995
2019-11-29,2.95,3.86
2019-12-02,3.0300000000000002,3.94
2019-12-03,2.96,3.83
2019-12-04,3.02,3.88
2019-12-05,3.01,3.8899999999999997
2019-12-06,3.0300000000000002,3.91
2019-12-09,3.0,3.88
2019-12-10,3.0,3.8600000000000003
2019-12-11,2.9699999999999998,3.83
2019-12-12,3.05,3.92
2019-12-13,2.9699999999999998,3.84
2019-12-16,3.02,3.89
2019-12-17,2.99,3.88
2019-12-18,3.0300000000000002,3.9000000000000004
2019-12-19,3.01,3.88
2019-12-20,3.01,3.88
2019-12-23,3.02,3.8899999999999997
2019-12-24,2.99,3.87
2019-12-25,2.995,3.87
2019-12-26,3.0,3.87
2019-12-27,2.98,3.84
2019-12-30,3.02,3.87
2019-12-31,3.04,3.9000000000000004
2020-01-01,3.02,3.88
2020-01-02,3.0,3.8600000000000003
2020-01-03,2.94,3.79
2020-01-06,3.01,3.83
2020-01-07,3.02,3.8600000000000003
2020-01-08,3.1,3.92
2020-01-09,3.04,3.88
2020-01-10,2.99,3.82
2020-01-13,3.0,3.84
2020-01-14,3.0,3.81
2020-01-15,2.9699999999999998,3.8
2020-01-16,2.99,3.81
2020-01-17,3.01,3.8200000000000003
2020-01-20,2.98,3.785
2020-01-21,2.95,3.75
2020-01-22,2.9299999999999997,3.74
2020-01-23,2.88,3.7199999999999998
2020-01-24,2.8200000000000003,3.6799999999999997
2020-01-27,2.79,3.6500000000000004
2020-01-28,2.87,3.6900000000000004
2020-01-29,2.81,3.6500000000000004
2020-01-30,2.8200000000000003,3.65
2020-01-31,2.8200000000000003,3.6399999999999997
2020-02-03,2.8,3.6399999999999997
2020-02-04,2.8600000000000003,3.7
2020-02-05,2.9000000000000004,3.7300000000000004
2020-02-06,2.8600000000000003,3.7
2020-02-07,2.77,3.64
2020-02-10,2.77,3.62
2020-02-11,2.8,3.64
2020-02-12,2.84,3.68
2020-02-13,2.83,3.66
2020-02-14,2.79,3.63
2020-02-17,2.77,3.61
2020-02-18,2.76,3.5999999999999996
2020-02-19,2.79,3.6100000000000003
2020-02-20,2.77,3.5700000000000003
2020-02-21,2.74,3.55
2020-02-24,2.7199999999999998,3.51
2020-02-25,2.71,3.52
2020-02-26,2.6900000000000004,3.5300000000000002
2020-02-27,2.7,3.5700000000000003
2020-02-28,2.7,3.51
2020-03-02,2.6100000000000003,3.54
2020-03-03,2.6,3.5
2020-03-04,2.55,3.49
2020-03-05,2.52,3.4400000000000004
2020-03-06,2.3600000000000003,3.29
2020-03-09,2.46,3.4699999999999998
2020-03-10,2.67,3.6900000000000004
2020-03-11,2.67,3.8100000000000005
2020-03-12,2.9400000000000004,4.08
2020-03-13,3.0300000000000002,4.24
2020-03-16,2.88,4.109999999999999
2020-03-17,3.4,4.51
2020-03-18,3.92,4.99
2020-03-19,3.8600000000000003,5.13
2020-03-20,4.12,5.15
2020-03-23,3.57,5.07
2020-03-24,3.44,5.03
2020-03-25,3.3400000000000003,5.01
2020-03-26,3.0700000000000003,4.869999999999999
2020-03-27,2.95,4.699999999999999
2020-03-30,2.71,4.59
2020-03-31,2.73,4.63
2020-04-01,2.7600000000000002,4.59
2020-04-02,2.6399999999999997,4.55
2020-04-03,2.63,4.54
2020-04-06,2.63,4.58
2020-04-07,2.55,4.54
2020-04-08,2.5599999999999996,4.52
2020-04-09,2.46,4.34
2020-04-10,2.405,4.255
2020-04-13,2.3499999999999996,4.17
2020-04-14,2.23,4.12
2020-04-15,2.3699999999999997,3.96
2020-04-16,2.3099999999999996,3.8899999999999997
2020-04-17,2.4099999999999997,3.92
2020-04-20,2.36,3.9099999999999997
2020-04-21,2.3299999999999996,3.8699999999999997
2020-04-22,2.36,3.9299999999999997
2020-04-23,2.25,3.87
2020-04-24,2.3,3.8499999999999996
2020-04-27,2.39,3.91
2020-04-28,2.35,3.87
2020-04-29,2.38,3.87
2020-04-30,2.38,3.8699999999999997
2020-05-01,2.42,3.8899999999999997
2020-05-04,2.3899999999999997,3.92
2020-05-05,2.4099999999999997,3.94
2020-05-06,2.61,4.03
2020-05-07,2.52,3.9699999999999998
2020-05-08,2.54,4.06
2020-05-11,2.69,4.14
2020-05-12,2.6599999999999997,4.09
2020-05-13,2.54,4.069999999999999
2020-05-14,2.51,4.04
2020-05-15,2.51,4.05
2020-05-18,2.5599999999999996,4.109999999999999
2020-05-19,2.5,4.0
2020-05-20,2.48,3.92
2020-05-21,2.4499999999999997,3.86
2020-05-22,2.4099999999999997,3.84
2020-05-25,2.4499999999999997,3.835
2020-05-26,2.4899999999999998,3.8299999999999996
2020-05-27,2.4699999999999998,3.79
2020-05-28,2.46,3.8
2020-05-29,2.4299999999999997,3.73
2020-06-01,2.4499999999999997,3.76
2020-06-02,2.45,3.7600000000000002
2020-06-03,2.5300000000000002,3.79
2020-06-04,2.59,3.81
2020-06-05,2.54,3.77
2020-06-08,2.48,3.69
2020-06-09,2.4699999999999998,3.6399999999999997
2020-06-10,2.47,3.61
2020-06-11,2.4,3.5700000000000003
2020-06-12,2.42,3.62
2020-06-15,2.51,3.6399999999999997
2020-06-16,2.3699999999999997,3.6399999999999997
2020-06-17,2.4299999999999997,3.61
2020-06-18,2.3699999999999997,3.57
2020-06-19,2.4299999999999997,3.57
2020-06-22,2.4,3.5700000000000003
2020-06-23,2.43,3.59
2020-06-24,2.4,3.58
2020-06-25,2.4,3.6
2020-06-26,2.35,3.56
2020-06-29,2.38,3.58
2020-06-30,2.34,3.59
2020-07-01,2.4,3.58
2020-07-02,2.3699999999999997,3.55
2020-07-03,2.3499999999999996,3.535
2020-07-06,2.33,3.52
2020-07-07,2.27,3.46
2020-07-08,2.2399999999999998,3.44
2020-07-09,2.1599999999999997,3.3499999999999996
2020-07-10,2.19,3.3899999999999997
2020-07-13,2.1799999999999997,3.38
2020-07-14,2.13,3.34
2020-07-15,2.15,3.35
2020-07-16,2.14,3.31
2020-07-17,2.13,3.32
2020-07-20,2.1,3.2800000000000002
2020-07-21,2.08,3.24
2020-07-22,2.08,3.21
2020-07-23,2.05,3.17
2020-07-24,2.01,3.17
2020-07-27,2.03,3.18
2020-07-28,2.02,3.16
2020-07-29,2.06,3.19
2020-07-30,2.03,3.15
2020-07-31,2.03,3.15
2020-08-03,2.09,3.19
2020-08-04,2.08,3.14
2020-08-05,2.03,3.14
2020-08-06,2.04,3.12
2020-08-07,2.03,3.14
2020-08-10,2.06,3.15
2020-08-11,2.15,3.23
2020-08-12,2.17,3.24
2020-08-13,2.29,3.3000000000000003
2020-08-14,2.3000000000000003,3.3200000000000003
2020-08-17,2.3200000000000003,3.33
2020-08-18,2.3,3.31
2020-08-19,2.33,3.33
2020-08-20,2.33,3.3
2020-08-21,2.3,3.28
2020-08-24,2.31,3.28
2020-08-25,2.36,3.32
2020-08-26,2.4,3.3499999999999996
2020-08-27,2.46,3.45
2020-08-28,2.4,3.4499999999999997
2020-08-31,2.42,3.3899999999999997
2020-09-01,2.34,3.3499999999999996
2020-09-02,2.26,3.3
2020-09-03,2.2199999999999998,3.27
2020-09-04,2.34,3.4
2020-09-07,2.315,3.38
2020-09-08,2.29,3.36
2020-09-09,2.3899999999999997,3.4
2020-09-10,2.34,3.3699999999999997
2020-09-11,2.32,3.36
2020-09-14,2.32,3.34
2020-09-15,2.33,3.36
2020-09-16,2.31,3.36
2020-09-17,2.3,3.34
2020-09-18,2.3,3.36
2020-09-21,2.28,3.34
2020-09-22,2.27,3.34
2020-09-23,2.31,3.36
2020-09-24,2.33,3.3699999999999997
2020-09-25,2.31,3.4
2020-09-28,2.36,3.4299999999999997
2020-09-29,2.34,3.4
2020-09-30,2.32,3.44
2020-10-01,2.33,3.4299999999999997
2020-10-02,2.3699999999999997,3.46
2020-10-05,2.4499999999999997,3.52
2020-10-06,2.3899999999999997,3.46
2020-10-07,2.38,3.5
2020-10-08,2.33,3.46
2020-10-09,2.34,3.46
2020-10-12,2.315,3.425
2020-10-13,2.29,3.3899999999999997
2020-10-14,2.27,3.3699999999999997
2020-10-15,2.28,3.3899999999999997
2020-10-16,2.29,3.4
2020-10-19,2.29,3.3899999999999997
2020-10-20,2.36,3.4499999999999997
2020-10-21,2.4,3.46
2020-10-22,2.4299999999999997,3.48
2020-10-23,2.4099999999999997,3.4499999999999997
2020-10-26,2.36,3.4099999999999997
2020-10-27,2.3499999999999996,3.3899999999999997
2020-10-28,2.33,3.4099999999999997
2020-10-29,2.4,3.46
2020-10-30,2.3899999999999997,3.4899999999999998
2020-11-02,2.3699999999999997,3.4699999999999998
2020-11-03,2.4099999999999997,3.48
2020-11-04,2.29,3.36
2020-11-05,2.2399999999999998,3.31
2020-11-06,2.31,3.34
2020-11-09,2.3899999999999997,3.4299999999999997
2020-11-10,2.42,3.42
2020-11-11,2.3899999999999997,3.375
2020-11-12,2.36,3.33
2020-11-13,2.3499999999999996,3.33
2020-11-16,2.3499999999999996,3.33
2020-11-17,2.31,3.29
2020-11-18,2.26,3.27
2020-11-19,2.2800000000000002,3.21
2020-11-20,2.24,3.18
2020-11-23,2.24,3.19
2020-11-24,2.2600000000000002,3.19
2020-11-25,2.2600000000000002,3.2
2020-11-26,2.2300000000000004,3.18
2020-11-27,2.2,3.16
2020-11-30,2.1999999999999997,3.13
2020-12-01,2.23,3.1999999999999997
2020-12-02,2.25,3.19
2020-12-03,2.21,3.15
2020-12-04,2.26,3.1999999999999997
2020-12-07,2.26,3.1599999999999997
2020-12-08,2.25,3.1399999999999997
2020-12-09,2.29,3.19
2020-12-10,2.29,3.1399999999999997
2020-12-11,2.27,3.13
2020-12-14,2.25,3.1399999999999997
2020-12-15,2.31,3.1799999999999997
2020-12-16,2.27,3.17
2020-12-17,2.28,3.17
2020-12-18,2.32,3.19
2020-12-21,2.28,3.1799999999999997
2020-12-22,2.23,3.15
2020-12-23,2.28,3.1999999999999997
2020-12-24,2.26,3.17
2020-12-25,2.255,3.165
2020-12-28,2.25,3.1599999999999997
2020-12-29,2.25,3.1599999999999997
2020-12-30,2.2199999999999998,3.13
2020-12-31,2.23,3.11
2021-01-01,2.255,3.1149999999999998
2021-01-04,2.28,3.1199999999999997
2021-01-05,2.28,3.19
2021-01-06,2.36,3.31
2021-01-07,2.46,3.31
2021-01-08,2.48,3.32
2021-01-11,2.48,3.3
2021-01-12,2.5,3.31
2021-01-13,2.4299999999999997,3.23
2021-01-14,2.54,3.27
2021-01-15,2.46,3.2399999999999998
2021-01-18,2.45,3.2249999999999996
2021-01-19,2.44,3.21
2021-01-20,2.4499999999999997,3.21
2021-01-21,2.5300000000000002,3.24
2021-01-22,2.5100000000000002,3.24
2021-01-25,2.49,3.2
2021-01-26,2.47,3.21
2021-01-27,2.42,3.2
2021-01-28,2.48,3.2399999999999998
2021-01-29,2.51,3.28
2021-02-01,2.5300000000000002,3.2800000000000002
2021-02-02,2.58,3.3000000000000003
2021-02-03,2.64,3.3200000000000003
2021-02-04,2.61,3.34
2021-02-05,2.63,3.37
2021-02-08,2.61,3.3299999999999996
2021-02-09,2.6,3.33
2021-02-10,2.58,3.31
2021-02-11,2.6,3.34
2021-02-12,2.65,3.39
2021-02-15,2.685,3.42
2021-02-16,2.72,3.45
2021-02-17,2.66,3.42
2021-02-18,2.6999999999999997,3.42
2021-02-19,2.76,3.48
2021-02-22,2.81,3.53
2021-02-23,2.88,3.57
2021-02-24,2.92,3.5999999999999996
2021-02-25,2.96,3.6599999999999997
2021-02-26,2.86,3.56
2021-03-01,2.8499999999999996,3.5799999999999996
2021-03-02,2.88,3.57
2021-03-03,2.94,3.61
2021-03-04,3.0,3.67
2021-03-05,2.9699999999999998,3.69
2021-03-08,3.0,3.73
2021-03-09,2.98,3.71
2021-03-10,2.9899999999999998,3.6999999999999997
2021-03-11,3.02,3.7199999999999998
2021-03-12,3.13,3.8299999999999996
2021-03-15,3.0999999999999996,3.8
2021-03-16,3.1199999999999997,3.81
2021-03-17,3.17,3.86
2021-03-18,3.19,3.88
2021-03-19,3.13,3.84
2021-03-22,3.07,3.77
2021-03-23,3.03,3.7399999999999998
2021-03-24,3.0,3.7199999999999998
2021-03-25,3.02,3.7399999999999998
2021-03-26,3.06,3.76
2021-03-29,3.0799999999999996,3.81
2021-03-30,3.04,3.77
2021-03-31,3.04,3.77
2021-04-01,2.9099999999999997,3.67
2021-04-02,2.925,3.6649999999999996
2021-04-05,2.94,3.6599999999999997
2021-04-06,2.92,3.6199999999999997
2021-04-07,2.96,3.6399999999999997
2021-04-08,2.9299999999999997,3.6199999999999997
2021-04-09,2.92,3.63
2021-04-12,2.9299999999999997,3.6399999999999997
2021-04-13,2.8899999999999997,3.61
2021-04-14,2.9,3.6199999999999997
2021-04-15,2.78,3.51
2021-04-16,2.8499999999999996,3.56
2021-04-19,2.9,3.5999999999999996
2021-04-20,2.8699999999999997,3.5799999999999996
2021-04-21,2.8699999999999997,3.5799999999999996
2021-04-22,2.86,3.56
2021-04-23,2.88,3.57
2021-04-26,2.8699999999999997,3.56
2021-04-27,2.9099999999999997,3.5999999999999996
2021-04-28,2.92,3.61
2021-04-29,2.92,3.62
2021-04-30,2.94,3.61
2021-05-03,2.92,3.59
2021-05-04,2.9,3.58
2021-05-05,2.89,3.57
2021-05-06,2.87,3.54
2021-05-07,2.91,3.57
2021-05-10,2.95,3.61
2021-05-11,3.0100000000000002,3.65
2021-05-12,3.08,3.71
2021-05-13,3.0500000000000003,3.7
2021-05-14,3.0,3.66
2021-05-17,3.0,3.66
2021-05-18,3.0100000000000002,3.67
2021-05-19,3.04,3.7
2021-05-20,2.98,3.65
2021-05-21,2.97,3.64
2021-05-24,2.94,3.61
2021-05-25,2.89,3.57
2021-05-26,2.88,3.56
2021-05-27,2.93,3.59
2021-05-28,2.9,3.57
2021-05-31,2.91,3.5749999999999997
2021-06-01,2.93,3.59
2021-06-02,2.94,3.57
2021-06-03,2.96,3.59
2021-06-04,2.88,3.54
2021-06-07,2.91,3.5500000000000003
2021-06-08,2.86,3.5100000000000002
2021-06-09,2.81,3.46
2021-06-10,2.81,3.45
2021-06-11,2.8000000000000003,3.44
2021-06-14,2.83,3.47
2021-06-15,2.83,3.47
2021-06-16,2.8000000000000003,3.48
2021-06-17,2.71,3.36
2021-06-18,2.64,3.3000000000000003
2021-06-21,2.71,3.38
2021-06-22,2.72,3.38
2021-06-23,2.72,3.39
2021-06-24,2.71,3.37
2021-06-25,2.77,3.44
2021-06-28,2.67,3.37
2021-06-29,2.67,3.36
2021-06-30,2.63,3.3200000000000003
2021-07-01,2.64,3.3400000000000003
2021-07-02,2.62,3.31
2021-07-05,2.61,3.29
2021-07-06,2.6,3.27
2021-07-07,2.5700000000000003,3.22
2021-07-08,2.54,3.21
2021-07-09,2.62,3.2800000000000002
2021-07-12,2.64,3.29
2021-07-13,2.67,3.33
2021-07-14,2.62,3.2800000000000002
2021-07-15,2.5500000000000003,3.23
2021-07-16,2.56,3.24
2021-07-19,2.49,3.16
2021-07-20,2.52,3.21
2021-07-21,2.5700000000000003,3.2600000000000002
2021-07-22,2.54,3.22
2021-07-23,2.5700000000000003,3.23
2021-07-26,2.56,3.23
2021-07-27,2.5300000000000002,3.2
2021-07-28,2.52,3.22
2021-07-29,2.5100000000000002,3.22
2021-07-30,2.51,3.19
2021-08-02,2.48,3.15
2021-08-03,2.49,3.16
2021-08-04,2.49,3.15
2021-08-05,2.5,3.18
2021-08-06,2.58,3.25
2021-08-09,2.6,3.2800000000000002
2021-08-10,2.62,3.31
2021-08-11,2.66,3.3400000000000003
2021-08-12,2.66,3.35
2021-08-13,2.58,3.27
2021-08-16,2.54,3.23
2021-08-17,2.54,3.24
2021-08-18,2.53,3.2399999999999998
2021-08-19,2.52,3.2199999999999998
2021-08-20,2.51,3.2199999999999998
2021-08-23,2.4899999999999998,3.2199999999999998
2021-08-24,2.53,3.2399999999999998
2021-08-25,2.58,3.28
2021-08-26,2.57,3.26
2021-08-27,2.54,3.23
2021-08-30,2.5100000000000002,3.21
2021-08-31,2.54,3.24
2021-09-01,2.54,3.23
2021-09-02,2.5100000000000002,3.21
2021-09-03,2.54,3.24
2021-09-06,2.565,3.265
2021-09-07,2.59,3.29
2021-09-08,2.5500000000000003,3.2600000000000002
2021-09-09,2.5100000000000002,3.2
2021-09-10,2.5100000000000002,3.23
2021-09-13,2.48,3.2
2021-09-14,2.42,3.15
2021-09-15,2.44,3.16
2021-09-16,2.45,3.18
2021-09-17,2.48,3.2
2021-09-20,2.42,3.15
2021-09-21,2.45,3.16
2021-09-22,2.45,3.15
2021-09-23,2.52,3.22
2021-09-24,2.59,3.27
2021-09-27,2.59,3.2600000000000002
2021-09-28,2.68,3.34
2021-09-29,2.69,3.36
2021-09-30,2.7,3.37
2021-10-01,2.65,3.33
2021-10-04,2.65,3.34
2021-10-05,2.71,3.38
2021-10-06,2.69,3.37
2021-10-07,2.75,3.43
2021-10-08,2.77,3.45
2021-10-11,2.76,3.43
2021-10-12,2.75,3.41
2021-10-13,2.66,3.35
2021-10-14,2.62,3.33
2021-10-15,2.66,3.35
2021-10-18,2.63,3.31
2021-10-19,2.7,3.37
2021-10-20,2.73,3.4
2021-10-21,2.7600000000000002,3.42
2021-10-22,2.72,3.38
2021-10-25,2.72,3.37
2021-10-26,2.7,3.34
2021-10-27,2.59,3.23
2021-10-28,2.61,3.2600000000000002
2021-10-29,2.59,3.2399999999999998
2021-11-01,2.61,3.27
2021-11-02,2.63,3.27
2021-11-03,2.64,3.3000000000000003
2021-11-04,2.58,3.2600000000000002
2021-11-05,2.5,3.18
2021-11-08,2.5,3.18
2021-11-09,2.46,3.13
2021-11-10,2.5700000000000003,3.22
2021-11-11,2.59,3.245
2021-11-12,2.61,3.27
2021-11-15,2.66,3.33
2021-11-16,2.71,3.35
2021-11-17,2.66,3.34
2021-11-18,2.69,3.3200000000000003
2021-11-19,2.63,3.27
2021-11-22,2.7,3.34
2021-11-23,2.7600000000000002,3.4
2021-11-24,2.72,3.36
2021-11-25,2.665,3.33
2021-11-26,2.61,3.3000000000000003
2021-11-29,2.67,3.33
2021-11-30,2.57,3.2399999999999998
2021-12-01,2.59,3.24
2021-12-02,2.59,3.24
2021-12-03,2.49,3.16
2021-12-06,2.54,3.22
2021-12-07,2.56,3.23
2021-12-08,2.63,3.31
2021-12-09,2.65,3.3000000000000003
2021-12-10,2.67,3.31
2021-12-13,2.6,3.24
2021-12-14,2.6,3.2600000000000002
2021-12-15,2.67,3.3000000000000003
2021-12-16,2.67,3.31
2021-12-17,2.63,3.2800000000000002
2021-12-20,2.66,3.3200000000000003
2021-12-21,2.7,3.36
2021-12-22,2.69,3.3200000000000003
2021-12-23,2.74,3.36
2021-12-24,2.7350000000000003,3.3499999999999996
2021-12-27,2.73,3.34
2021-12-28,2.71,3.35
2021-12-29,2.7,3.4
2021-12-30,2.71,3.37
2021-12-31,2.7399999999999998,3.4
2022-01-03,2.79,3.45
2022-01-04,2.8200000000000003,3.5
2022-01-05,2.84,3.5100000000000002
2022-01-06,2.81,3.5100000000000002
2022-01-07,2.88,3.54
2022-01-10,2.92,3.54
2022-01-11,2.86,3.5100000000000002
2022-01-12,2.86,3.5100000000000002
2022-01-13,2.83,3.5
2022-01-14,2.92,3.5700000000000003
2022-01-17,2.96,3.6100000000000003
2022-01-18,3.0,3.65
2022-01-19,2.95,3.6
2022-01-20,3.0,3.62
2022-01-21,2.95,3.59
2022-01-24,3.02,3.64
2022-01-25,3.04,3.69
2022-01-26,3.0700000000000003,3.69
2022-01-27,3.0100000000000002,3.67
2022-01-28,3.0500000000000003,3.69
2022-01-31,3.06,3.72
2022-02-01,3.08,3.73
2022-02-02,3.0500000000000003,3.69
2022-02-03,3.12,3.74
2022-02-04,3.22,3.85
2022-02-07,3.2,3.85
2022-02-08,3.21,3.87
2022-02-09,3.17,3.86
2022-02-10,3.25,3.94
2022-02-11,3.22,3.92
2022-02-14,3.2600000000000002,3.98
2022-02-15,3.31,4.04
2022-02-16,3.35,4.08
2022-02-17,3.34,4.09
2022-02-18,3.29,4.05
2022-02-21,3.315,4.0600000000000005
2022-02-22,3.34,4.07
2022-02-23,3.36,4.09
2022-02-24,3.36,4.2
2022-02-25,3.37,4.17
2022-02-28,3.2600000000000002,4.17
2022-03-01,3.2,3.97
2022-03-02,3.3200000000000003,4.1
2022-03-03,3.31,4.1
2022-03-04,3.24,4.05
2022-03-07,3.31,4.1
2022-03-08,3.41,4.21
2022-03-09,3.41,4.26
2022-03-10,3.5,4.36
2022-03-11,3.47,4.35
2022-03-14,3.5700000000000003,4.47
2022-03-15,3.63,4.51
2022-03-16,3.56,4.42
2022-03-17,3.47,4.37
2022-03-18,3.2800000000000002,4.28
2022-03-21,3.46,4.39
2022-03-22,3.5100000000000002,4.43
2022-03-23,3.5100000000000002,4.35
2022-03-24,3.49,4.35
2022-03-25,3.54,4.44
2022-03-28,3.5100000000000002,4.4
2022-03-29,3.47,4.32
2022-03-30,3.4,4.28
2022-03-31,3.38,4.25
2022-04-01,3.3200000000000003,4.2
2022-04-04,3.33,4.2299999999999995
2022-04-05,3.44,4.31
2022-04-06,3.5100000000000002,4.38
2022-04-07,3.5500000000000003,4.44
2022-04-08,3.6,4.5
2022-04-11,3.73,4.61
2022-04-12,3.75,4.64
2022-04-13,3.77,4.64
2022-04-14,3.88,4.76
2022-04-15,3.885,4.775
2022-04-18,3.89,4.79
2022-04-19,3.95,4.84
2022-04-20,3.87,4.76
2022-04-21,3.92,4.83
2022-04-22,3.96,4.86
2022-04-25,3.92,4.84
2022-04-26,3.92,4.83
2022-04-27,3.97,4.87
2022-04-28,3.99,4.91
2022-04-29,4.01,4.94
2022-05-02,4.18,5.07
2022-05-03,4.109999999999999,5.0200000000000005
2022-05-04,4.08,5.01
2022-05-05,4.28,5.15
2022-05-06,4.28,5.21
2022-05-09,4.28,5.22
2022-05-10,4.2,5.15
2022-05-11,4.12,5.08
2022-05-12,4.05,5.04
2022-05-13,4.1899999999999995,5.17
2022-05-16,4.18,5.17
2022-05-17,4.26,5.25
2022-05-18,4.18,5.2
2022-05-19,4.18,5.21
2022-05-20,4.109999999999999,5.14
2022-05-23,4.1499999999999995,5.19
2022-05-24,4.06,5.1
2022-05-25,4.01,5.04
2022-05-26,3.98,5.0
2022-05-27,3.95,5.0
2022-05-30,3.975,5.015000000000001
2022-05-31,4.0,5.03
2022-06-01,4.02,5.0200000000000005
2022-06-02,4.02,5.0200000000000005
2022-06-03,4.06,5.05
2022-06-06,4.14,5.12
2022-06-07,4.06,5.05
2022-06-08,4.13,5.1
2022-06-09,4.14,5.11
2022-06-10,4.2,5.19
2022-06-13,4.4399999999999995,5.41
2022-06-14,4.5,5.48
2022-06-15,4.39,5.43
2022-06-16,4.41,5.41
2022-06-17,4.32,5.38
2022-06-20,4.36,5.41
2022-06-21,4.4,5.4399999999999995
2022-06-22,4.27,5.33
2022-06-23,4.21,5.29
2022-06-24,4.25,5.35
2022-06-27,4.29,5.390000000000001
2022-06-28,4.300000000000001,5.42
2022-06-29,4.21,5.34
2022-06-30,4.1899999999999995,5.29
2022-07-01,4.26,5.300000000000001
2022-07-04,4.19,5.265000000000001
2022-07-05,4.12,5.23
2022-07-06,4.17,5.32
2022-07-07,4.2,5.34
2022-07-08,4.23,5.4
2022-07-11,4.109999999999999,5.3100000000000005
2022-07-12,4.13,5.27
2022-07-13,4.0600000000000005,5.23
2022-07-14,4.09,5.27
2022-07-15,4.07,5.23
2022-07-18,4.07,5.24
2022-07-19,4.109999999999999,5.27
2022-07-20,4.08,5.24
2022-07-21,3.97,5.140000000000001
2022-07-22,3.91,5.050000000000001
2022-07-25,3.97,5.12
2022-07-26,3.96,5.1
2022-07-27,3.9,5.08
2022-07-28,3.9000000000000004,5.1
2022-07-29,3.8499999999999996,5.029999999999999
2022-08-01,3.8,4.98
2022-08-02,3.9000000000000004,5.04
2022-08-03,3.91,5.02
2022-08-04,3.89,5.0
2022-08-05,4.03,5.12
2022-08-08,3.9699999999999998,5.03
2022-08-09,3.95,5.0600000000000005
2022-08-10,3.9699999999999998,5.07
2022-08-11,4.07,5.16
2022-08-12,4.05,5.109999999999999
2022-08-15,3.96,5.0600000000000005
2022-08-16,4.02,5.09
2022-08-17,4.08,5.13
2022-08-18,4.08,5.12
2022-08-19,4.18,5.23
2022-08-22,4.19,5.27
2022-08-23,4.23,5.29
2022-08-24,4.27,5.34
2022-08-25,4.17,5.24
2022-08-26,4.16,5.23
2022-08-29,4.23,5.3100000000000005
2022-08-30,4.22,5.28
2022-08-31,4.27,5.33
2022-09-01,4.41,5.48
2022-09-02,4.38,5.4399999999999995
2022-09-05,4.465,5.52
2022-09-06,4.550000000000001,5.6
2022-09-07,4.43,5.51
2022-09-08,4.48,5.54
2022-09-09,4.470000000000001,5.53
2022-09-12,4.46,5.57
2022-09-13,4.5,5.6
2022-09-14,4.45,5.5600000000000005
2022-09-15,4.48,5.57
2022-09-16,4.53,5.63
2022-09-19,4.52,5.640000000000001
2022-09-20,4.59,5.7
2022-09-21,4.51,5.63
2022-09-22,4.65,5.78
2022-09-23,4.66,5.78
2022-09-26,4.74,5.890000000000001
2022-09-27,4.92,6.050000000000001
2022-09-28,4.8100000000000005,5.970000000000001
2022-09-29,4.890000000000001,6.03
2022-09-30,4.91,6.07
2022-10-03,4.84,5.96
2022-10-04,4.77,5.890000000000001
2022-10-05,4.86,5.98
2022-10-06,4.87,5.99
2022-10-07,4.9,6.0600000000000005
2022-10-10,4.970000000000001,6.11
2022-10-11,5.04,6.16
2022-10-12,5.109999999999999,6.18
2022-10-13,5.08,6.25
2022-10-14,5.09,6.28
2022-10-17,5.1,6.300000000000001
2022-10-18,5.109999999999999,6.29
2022-10-19,5.24,6.390000000000001
2022-10-20,5.3100000000000005,6.48
2022-10-21,5.38,6.57
2022-10-24,5.41,6.59
2022-10-25,5.300000000000001,6.470000000000001
2022-10-26,5.21,6.37
2022-10-27,5.13,6.300000000000001
2022-10-28,5.13,6.32
2022-10-31,5.18,6.38
2022-11-01,5.09,6.29
2022-11-02,5.08,6.28
2022-11-03,5.17,6.33
2022-11-04,5.23,6.390000000000001
2022-11-07,5.29,6.4399999999999995
2022-11-08,5.22,6.37
2022-11-09,5.29,6.45
2022-11-10,5.02,6.18
2022-11-11,5.0,6.165
2022-11-14,4.98,6.15
2022-11-15,4.86,6.03
2022-11-16,4.75,5.91
2022-11-17,4.77,5.95
2022-11-18,4.78,5.95
2022-11-21,4.75,5.91
2022-11-22,4.69,5.83
2022-11-23,4.5600000000000005,5.73
2022-11-24,4.555,5.734999999999999
2022-11-25,4.55,5.74
2022-11-28,4.57,5.74
2022-11-29,4.63,5.8100000000000005
2022-11-30,4.66,5.83
2022-12-01,4.43,5.62
2022-12-02,4.36,5.54
2022-12-05,4.41,5.59
2022-12-06,4.3100000000000005,5.48
2022-12-07,4.21,5.37
2022-12-08,4.2,5.390000000000001
2022-12-09,4.3100000000000005,5.47
2022-12-12,4.32,5.49
2022-12-13,4.26,5.42
2022-12-14,4.28,5.44
2022-12-15,4.24,5.41
2022-12-16,4.32,5.46
2022-12-19,4.38,5.55
2022-12-20,4.53,5.68
2022-12-21,4.54,5.69
2022-12-22,4.51,5.66
2022-12-23,4.6,5.75
2022-12-26,4.6450000000000005,5.805
2022-12-27,4.69,5.86
2022-12-28,4.72,5.890000000000001
2022-12-29,4.68,5.84
2022-12-30,4.7,5.87
2023-01-02,4.695,5.845000000000001
2023-01-03,4.69,5.82
2023-01-04,4.59,5.76
2023-01-05,4.5600000000000005,5.74
2023-01-06,4.46,5.62
2023-01-09,4.42,5.55
2023-01-10,4.51,5.63
2023-01-11,4.4,5.53
2023-01-12,4.29,5.4
2023-01-13,4.34,5.44
2023-01-16,4.335,5.44
2023-01-17,4.33,5.44
2023-01-18,4.23,5.33
2023-01-19,4.2700000000000005,5.38
2023-01-20,4.36,5.46
2023-01-23,4.39,5.48
2023-01-24,4.33,5.4
2023-01-25,4.35,5.42
2023-01-26,4.34,5.4
2023-01-27,4.34,5.4
2023-01-30,4.38,5.42
2023-01-31,4.41,5.42
2023-02-01,4.29,5.3
2023-02-02,4.28,5.28
2023-02-03,4.35,5.36
2023-02-06,4.41,5.4
2023-02-07,4.46,5.45
2023-02-08,4.46,5.46
2023-02-09,4.5,5.51
2023-02-10,4.6,5.59
2023-02-13,4.55,5.5600000000000005
2023-02-14,4.55,5.58
2023-02-15,4.59,5.63
2023-02-16,4.64,5.7
2023-02-17,4.65,5.71
2023-02-20,4.705,5.765000000000001
2023-02-21,4.76,5.82
2023-02-22,4.71,5.78
2023-02-23,4.68,5.74
2023-02-24,4.75,5.8100000000000005
2023-02-27,4.73,5.79
2023-02-28,4.760000000000001,5.82
2023-03-01,4.78,5.85
2023-03-02,4.83,5.9
2023-03-03,4.680000000000001,5.76
2023-03-06,4.7,5.7700000000000005
2023-03-07,4.7,5.76
2023-03-08,4.720000000000001,5.7700000000000005
2023-03-09,4.73,5.78
2023-03-10,4.58,5.66
2023-03-13,4.61,5.69
2023-03-14,4.68,5.75
2023-03-15,4.6,5.73
2023-03-16,4.59,5.72
2023-03-17,4.47,5.6
2023-03-20,4.5200000000000005,5.66
2023-03-21,4.59,5.7
2023-03-22,4.53,5.640000000000001
2023-03-23,4.53,5.640000000000001
2023-03-24,4.44,5.62
2023-03-27,4.54,5.72
2023-03-28,4.51,5.74
2023-03-29,4.5200000000000005,5.72
2023-03-30,4.48,5.66
2023-03-31,4.38,5.59
2023-04-03,4.35,5.54
2023-04-04,4.41,5.45
2023-04-05,4.38,5.44
2023-04-06,4.36,5.41
2023-04-07,4.405,5.455
2023-04-10,4.45,5.5
2023-04-11,4.43,5.48
2023-04-12,4.45,5.49
2023-04-13,4.48,5.52
2023-04-14,4.5200000000000005,5.57
2023-04-17,4.5600000000000005,5.62
2023-04-18,4.5200000000000005,5.59
2023-04-19,4.53,5.61
2023-04-20,4.5200000000000005,5.59
2023-04-21,4.54,5.61
2023-04-24,4.48,5.5600000000000005
2023-04-25,4.42,5.49
2023-04-26,4.46,5.54
2023-04-27,4.53,5.6
2023-04-28,4.45,5.52
2023-05-01,4.61,5.65
2023-05-02,4.53,5.6
2023-05-03,4.5200000000000005,5.58
2023-05-04,4.55,5.61
2023-05-05,4.5600000000000005,5.640000000000001
2023-05-08,4.64,5.72
2023-05-09,4.66,5.74
2023-05-10,4.6,5.69
2023-05-11,4.54,5.640000000000001
2023-05-12,4.55,5.67
2023-05-15,4.66,5.77
2023-05-16,4.73,5.82
2023-05-17,4.73,5.83
2023-05-18,4.73,5.85
2023-05-19,4.76,5.88
2023-05-22,4.78,5.91
2023-05-23,4.7700000000000005,5.890000000000001
2023-05-24,4.8,5.91
2023-05-25,4.8100000000000005,5.93
2023-05-26,4.7700000000000005,5.9
2023-05-29,4.74,5.865
2023-05-30,4.71,5.83
2023-05-31,4.67,5.8
2023-06-01,4.64,5.76
2023-06-02,4.68,5.8
2023-06-05,4.69,5.79
2023-06-06,4.67,5.78
2023-06-07,4.74,5.85
2023-06-08,4.69,5.8
2023-06-09,4.7,5.8
2023-06-12,4.72,5.83
2023-06-13,4.74,5.84
2023-06-14,4.68,5.77
2023-06-15,4.63,5.74
2023-06-16,4.62,5.73
2023-06-19,4.61,5.715
2023-06-20,4.59,5.69
2023-06-21,4.57,5.680000000000001
2023-06-22,4.640000000000001,5.74
2023-06-23,4.6000000000000005,5.7
2023-06-26,4.6000000000000005,5.7
2023-06-27,4.62,5.71
2023-06-28,4.57,5.67
2023-06-29,4.67,5.7700000000000005
2023-06-30,4.6,5.69
2023-07-03,4.63,5.71
2023-07-04,4.66,5.745
2023-07-05,4.69,5.78
2023-07-06,4.75,5.85
2023-07-07,4.7700000000000005,5.87
2023-07-10,4.800000000000001,5.87
2023-07-11,4.7700000000000005,5.83
2023-07-12,4.68,5.74
2023-07-13,4.6,5.67
2023-07-14,4.63,5.7
2023-07-17,4.62,5.71
2023-07-18,4.61,5.69
2023-07-19,4.53,5.62
2023-07-20,4.62,5.7
2023-07-21,4.62,5.69
2023-07-24,4.62,5.7
2023-07-25,4.64,5.72
2023-07-26,4.62,5.69
2023-07-27,4.74,5.79
2023-07-28,4.68,5.76
2023-07-31,4.66,5.74
2023-08-01,4.76,5.82
2023-08-02,4.83,5.9
2023-08-03,5.0,6.04
2023-08-04,4.88,5.95
2023-08-07,4.94,5.99
2023-08-08,4.89,5.95
2023-08-09,4.85,5.92
2023-08-10,4.92,5.98
2023-08-11,4.97,6.03
2023-08-14,4.95,6.03
2023-08-15,5.0,6.07
2023-08-16,5.05,6.12
2023-08-17,5.11,6.17
2023-08-18,5.09,6.15
2023-08-21,5.16,6.22
2023-08-22,5.1,6.16
2023-08-23,4.97,6.02
2023-08-24,4.96,6.03
2023-08-25,4.95,6.01
2023-08-28,4.93,6.02
2023-08-29,4.88,5.96
2023-08-30,4.87,5.94
2023-08-31,4.85,5.92
